-- SUJÁN Kitchen Dashboard — demo seed (coherent guest-linked mock data)
-- Demo date anchor: 2026-06-13
-- Run: npm run db:seed
-- Requires migration 004_guest_identity_kot_tent.sql

TRUNCATE guest_dish_logs, complaints, guests, comp_offs, leave_records, staff,
  issuances, purchases, camp_ingredient_stock, kots, dish_direct_costs, recipe_lines,
  dishes, ingredients, public_holidays, camps CASCADE;

INSERT INTO camps (id, name, opening_stock_value, purchases_value) VALUES ('jawai', 'JAWAI', 85000, 120000);
INSERT INTO camps (id, name, opening_stock_value, purchases_value) VALUES ('sherbagh', 'Sherbagh', 62000, 95000);
INSERT INTO camps (id, name, opening_stock_value, purchases_value) VALUES ('serai', 'The Serai', 74000, 108000);
INSERT INTO public_holidays (id, date, name) VALUES ('00003001-0000-4000-8000-000000000001', '2026-01-26', 'Republic Day');
INSERT INTO public_holidays (id, date, name) VALUES ('00003001-0000-4000-8000-000000000002', '2026-08-15', 'Independence Day');
INSERT INTO public_holidays (id, date, name) VALUES ('00003001-0000-4000-8000-000000000003', '2026-10-02', 'Gandhi Jayanti');
INSERT INTO public_holidays (id, date, name) VALUES ('00003001-0000-4000-8000-000000000004', '2026-10-20', 'Dussehra');
INSERT INTO public_holidays (id, date, name) VALUES ('00003001-0000-4000-8000-000000000005', '2026-11-08', 'Diwali');
INSERT INTO ingredients (id, legacy_id, name, unit, price, min_stock) VALUES ('00001001-0000-4000-8000-000000000001', 1, 'Chicken (Whole)', 'kg', 220, 10);
INSERT INTO ingredients (id, legacy_id, name, unit, price, min_stock) VALUES ('00001001-0000-4000-8000-000000000002', 2, 'Lamb / Mutton', 'kg', 650, 8);
INSERT INTO ingredients (id, legacy_id, name, unit, price, min_stock) VALUES ('00001001-0000-4000-8000-000000000003', 3, 'Fish (Fresh)', 'kg', 380, 6);
INSERT INTO ingredients (id, legacy_id, name, unit, price, min_stock) VALUES ('00001001-0000-4000-8000-000000000004', 4, 'Eggs', 'nos', 8, 60);
INSERT INTO ingredients (id, legacy_id, name, unit, price, min_stock) VALUES ('00001001-0000-4000-8000-000000000005', 5, 'Wheat Flour', 'kg', 52, 10);
INSERT INTO ingredients (id, legacy_id, name, unit, price, min_stock) VALUES ('00001001-0000-4000-8000-000000000006', 6, 'Rice (Basmati)', 'kg', 110, 8);
INSERT INTO ingredients (id, legacy_id, name, unit, price, min_stock) VALUES ('00001001-0000-4000-8000-000000000007', 7, 'Onion', 'kg', 35, 15);
INSERT INTO ingredients (id, legacy_id, name, unit, price, min_stock) VALUES ('00001001-0000-4000-8000-000000000008', 8, 'Tomato', 'kg', 40, 12);
INSERT INTO ingredients (id, legacy_id, name, unit, price, min_stock) VALUES ('00001001-0000-4000-8000-000000000009', 9, 'Potato', 'kg', 28, 10);
INSERT INTO ingredients (id, legacy_id, name, unit, price, min_stock) VALUES ('00001001-0000-4000-8000-000000000010', 10, 'Spinach', 'kg', 45, 5);
INSERT INTO ingredients (id, legacy_id, name, unit, price, min_stock) VALUES ('00001001-0000-4000-8000-000000000011', 11, 'Mushroom', 'kg', 280, 3);
INSERT INTO ingredients (id, legacy_id, name, unit, price, min_stock) VALUES ('00001001-0000-4000-8000-000000000012', 12, 'Paneer', 'kg', 320, 2);
INSERT INTO ingredients (id, legacy_id, name, unit, price, min_stock) VALUES ('00001001-0000-4000-8000-000000000013', 13, 'Fresh Cream', 'ltr', 180, 4);
INSERT INTO ingredients (id, legacy_id, name, unit, price, min_stock) VALUES ('00001001-0000-4000-8000-000000000014', 14, 'Butter', 'kg', 480, 3);
INSERT INTO ingredients (id, legacy_id, name, unit, price, min_stock) VALUES ('00001001-0000-4000-8000-000000000015', 15, 'Olive Oil', 'ltr', 650, 2);
INSERT INTO ingredients (id, legacy_id, name, unit, price, min_stock) VALUES ('00001001-0000-4000-8000-000000000016', 16, 'Mozzarella', 'kg', 520, 2);
INSERT INTO ingredients (id, legacy_id, name, unit, price, min_stock) VALUES ('00001001-0000-4000-8000-000000000017', 17, 'Pasta (Dry)', 'kg', 95, 5);
INSERT INTO ingredients (id, legacy_id, name, unit, price, min_stock) VALUES ('00001001-0000-4000-8000-000000000018', 18, 'Dark Chocolate', 'kg', 420, 2);
INSERT INTO ingredients (id, legacy_id, name, unit, price, min_stock) VALUES ('00001001-0000-4000-8000-000000000019', 19, 'Mango (Fresh)', 'kg', 80, 5);
INSERT INTO ingredients (id, legacy_id, name, unit, price, min_stock) VALUES ('00001001-0000-4000-8000-000000000020', 20, 'Mixed Spices', 'kg', 350, 1);
INSERT INTO ingredients (id, legacy_id, name, unit, price, min_stock) VALUES ('00001001-0000-4000-8000-000000000021', 21, 'Ginger-Garlic', 'kg', 120, 2);
INSERT INTO camp_ingredient_stock (camp_id, ingredient_id, opening_stock) VALUES ('jawai', '00001001-0000-4000-8000-000000000001', 50);
INSERT INTO camp_ingredient_stock (camp_id, ingredient_id, opening_stock) VALUES ('jawai', '00001001-0000-4000-8000-000000000002', 30);
INSERT INTO camp_ingredient_stock (camp_id, ingredient_id, opening_stock) VALUES ('jawai', '00001001-0000-4000-8000-000000000003', 25);
INSERT INTO camp_ingredient_stock (camp_id, ingredient_id, opening_stock) VALUES ('jawai', '00001001-0000-4000-8000-000000000004', 300);
INSERT INTO camp_ingredient_stock (camp_id, ingredient_id, opening_stock) VALUES ('jawai', '00001001-0000-4000-8000-000000000005', 40);
INSERT INTO camp_ingredient_stock (camp_id, ingredient_id, opening_stock) VALUES ('jawai', '00001001-0000-4000-8000-000000000006', 30);
INSERT INTO camp_ingredient_stock (camp_id, ingredient_id, opening_stock) VALUES ('jawai', '00001001-0000-4000-8000-000000000007', 60);
INSERT INTO camp_ingredient_stock (camp_id, ingredient_id, opening_stock) VALUES ('jawai', '00001001-0000-4000-8000-000000000008', 50);
INSERT INTO camp_ingredient_stock (camp_id, ingredient_id, opening_stock) VALUES ('jawai', '00001001-0000-4000-8000-000000000009', 40);
INSERT INTO camp_ingredient_stock (camp_id, ingredient_id, opening_stock) VALUES ('jawai', '00001001-0000-4000-8000-000000000010', 20);
INSERT INTO camp_ingredient_stock (camp_id, ingredient_id, opening_stock) VALUES ('jawai', '00001001-0000-4000-8000-000000000011', 12);
INSERT INTO camp_ingredient_stock (camp_id, ingredient_id, opening_stock) VALUES ('jawai', '00001001-0000-4000-8000-000000000012', 10);
INSERT INTO camp_ingredient_stock (camp_id, ingredient_id, opening_stock) VALUES ('jawai', '00001001-0000-4000-8000-000000000013', 15);
INSERT INTO camp_ingredient_stock (camp_id, ingredient_id, opening_stock) VALUES ('jawai', '00001001-0000-4000-8000-000000000014', 10);
INSERT INTO camp_ingredient_stock (camp_id, ingredient_id, opening_stock) VALUES ('jawai', '00001001-0000-4000-8000-000000000015', 8);
INSERT INTO camp_ingredient_stock (camp_id, ingredient_id, opening_stock) VALUES ('jawai', '00001001-0000-4000-8000-000000000016', 8);
INSERT INTO camp_ingredient_stock (camp_id, ingredient_id, opening_stock) VALUES ('jawai', '00001001-0000-4000-8000-000000000017', 20);
INSERT INTO camp_ingredient_stock (camp_id, ingredient_id, opening_stock) VALUES ('jawai', '00001001-0000-4000-8000-000000000018', 8);
INSERT INTO camp_ingredient_stock (camp_id, ingredient_id, opening_stock) VALUES ('jawai', '00001001-0000-4000-8000-000000000019', 25);
INSERT INTO camp_ingredient_stock (camp_id, ingredient_id, opening_stock) VALUES ('jawai', '00001001-0000-4000-8000-000000000020', 5);
INSERT INTO camp_ingredient_stock (camp_id, ingredient_id, opening_stock) VALUES ('jawai', '00001001-0000-4000-8000-000000000021', 10);
INSERT INTO camp_ingredient_stock (camp_id, ingredient_id, opening_stock) VALUES ('sherbagh', '00001001-0000-4000-8000-000000000001', 50);
INSERT INTO camp_ingredient_stock (camp_id, ingredient_id, opening_stock) VALUES ('sherbagh', '00001001-0000-4000-8000-000000000002', 30);
INSERT INTO camp_ingredient_stock (camp_id, ingredient_id, opening_stock) VALUES ('sherbagh', '00001001-0000-4000-8000-000000000003', 25);
INSERT INTO camp_ingredient_stock (camp_id, ingredient_id, opening_stock) VALUES ('sherbagh', '00001001-0000-4000-8000-000000000004', 300);
INSERT INTO camp_ingredient_stock (camp_id, ingredient_id, opening_stock) VALUES ('sherbagh', '00001001-0000-4000-8000-000000000005', 40);
INSERT INTO camp_ingredient_stock (camp_id, ingredient_id, opening_stock) VALUES ('sherbagh', '00001001-0000-4000-8000-000000000006', 30);
INSERT INTO camp_ingredient_stock (camp_id, ingredient_id, opening_stock) VALUES ('sherbagh', '00001001-0000-4000-8000-000000000007', 60);
INSERT INTO camp_ingredient_stock (camp_id, ingredient_id, opening_stock) VALUES ('sherbagh', '00001001-0000-4000-8000-000000000008', 50);
INSERT INTO camp_ingredient_stock (camp_id, ingredient_id, opening_stock) VALUES ('sherbagh', '00001001-0000-4000-8000-000000000009', 40);
INSERT INTO camp_ingredient_stock (camp_id, ingredient_id, opening_stock) VALUES ('sherbagh', '00001001-0000-4000-8000-000000000010', 20);
INSERT INTO camp_ingredient_stock (camp_id, ingredient_id, opening_stock) VALUES ('sherbagh', '00001001-0000-4000-8000-000000000011', 12);
INSERT INTO camp_ingredient_stock (camp_id, ingredient_id, opening_stock) VALUES ('sherbagh', '00001001-0000-4000-8000-000000000012', 10);
INSERT INTO camp_ingredient_stock (camp_id, ingredient_id, opening_stock) VALUES ('sherbagh', '00001001-0000-4000-8000-000000000013', 15);
INSERT INTO camp_ingredient_stock (camp_id, ingredient_id, opening_stock) VALUES ('sherbagh', '00001001-0000-4000-8000-000000000014', 10);
INSERT INTO camp_ingredient_stock (camp_id, ingredient_id, opening_stock) VALUES ('sherbagh', '00001001-0000-4000-8000-000000000015', 8);
INSERT INTO camp_ingredient_stock (camp_id, ingredient_id, opening_stock) VALUES ('sherbagh', '00001001-0000-4000-8000-000000000016', 8);
INSERT INTO camp_ingredient_stock (camp_id, ingredient_id, opening_stock) VALUES ('sherbagh', '00001001-0000-4000-8000-000000000017', 20);
INSERT INTO camp_ingredient_stock (camp_id, ingredient_id, opening_stock) VALUES ('sherbagh', '00001001-0000-4000-8000-000000000018', 8);
INSERT INTO camp_ingredient_stock (camp_id, ingredient_id, opening_stock) VALUES ('sherbagh', '00001001-0000-4000-8000-000000000019', 25);
INSERT INTO camp_ingredient_stock (camp_id, ingredient_id, opening_stock) VALUES ('sherbagh', '00001001-0000-4000-8000-000000000020', 5);
INSERT INTO camp_ingredient_stock (camp_id, ingredient_id, opening_stock) VALUES ('sherbagh', '00001001-0000-4000-8000-000000000021', 10);
INSERT INTO camp_ingredient_stock (camp_id, ingredient_id, opening_stock) VALUES ('serai', '00001001-0000-4000-8000-000000000001', 50);
INSERT INTO camp_ingredient_stock (camp_id, ingredient_id, opening_stock) VALUES ('serai', '00001001-0000-4000-8000-000000000002', 30);
INSERT INTO camp_ingredient_stock (camp_id, ingredient_id, opening_stock) VALUES ('serai', '00001001-0000-4000-8000-000000000003', 25);
INSERT INTO camp_ingredient_stock (camp_id, ingredient_id, opening_stock) VALUES ('serai', '00001001-0000-4000-8000-000000000004', 300);
INSERT INTO camp_ingredient_stock (camp_id, ingredient_id, opening_stock) VALUES ('serai', '00001001-0000-4000-8000-000000000005', 40);
INSERT INTO camp_ingredient_stock (camp_id, ingredient_id, opening_stock) VALUES ('serai', '00001001-0000-4000-8000-000000000006', 30);
INSERT INTO camp_ingredient_stock (camp_id, ingredient_id, opening_stock) VALUES ('serai', '00001001-0000-4000-8000-000000000007', 60);
INSERT INTO camp_ingredient_stock (camp_id, ingredient_id, opening_stock) VALUES ('serai', '00001001-0000-4000-8000-000000000008', 50);
INSERT INTO camp_ingredient_stock (camp_id, ingredient_id, opening_stock) VALUES ('serai', '00001001-0000-4000-8000-000000000009', 40);
INSERT INTO camp_ingredient_stock (camp_id, ingredient_id, opening_stock) VALUES ('serai', '00001001-0000-4000-8000-000000000010', 20);
INSERT INTO camp_ingredient_stock (camp_id, ingredient_id, opening_stock) VALUES ('serai', '00001001-0000-4000-8000-000000000011', 12);
INSERT INTO camp_ingredient_stock (camp_id, ingredient_id, opening_stock) VALUES ('serai', '00001001-0000-4000-8000-000000000012', 10);
INSERT INTO camp_ingredient_stock (camp_id, ingredient_id, opening_stock) VALUES ('serai', '00001001-0000-4000-8000-000000000013', 15);
INSERT INTO camp_ingredient_stock (camp_id, ingredient_id, opening_stock) VALUES ('serai', '00001001-0000-4000-8000-000000000014', 10);
INSERT INTO camp_ingredient_stock (camp_id, ingredient_id, opening_stock) VALUES ('serai', '00001001-0000-4000-8000-000000000015', 8);
INSERT INTO camp_ingredient_stock (camp_id, ingredient_id, opening_stock) VALUES ('serai', '00001001-0000-4000-8000-000000000016', 8);
INSERT INTO camp_ingredient_stock (camp_id, ingredient_id, opening_stock) VALUES ('serai', '00001001-0000-4000-8000-000000000017', 20);
INSERT INTO camp_ingredient_stock (camp_id, ingredient_id, opening_stock) VALUES ('serai', '00001001-0000-4000-8000-000000000018', 8);
INSERT INTO camp_ingredient_stock (camp_id, ingredient_id, opening_stock) VALUES ('serai', '00001001-0000-4000-8000-000000000019', 25);
INSERT INTO camp_ingredient_stock (camp_id, ingredient_id, opening_stock) VALUES ('serai', '00001001-0000-4000-8000-000000000020', 5);
INSERT INTO camp_ingredient_stock (camp_id, ingredient_id, opening_stock) VALUES ('serai', '00001001-0000-4000-8000-000000000021', 10);
INSERT INTO dishes (id, camp_id, legacy_id, name, category, cost_price, section) VALUES ('00000101-0000-4000-8000-000000000001', 'jawai', 1, 'Scrambled Eggs', 'Breakfast', 163, 'western');
INSERT INTO dishes (id, camp_id, legacy_id, name, category, cost_price, section) VALUES ('00000101-0000-4000-8000-000000000002', 'jawai', 2, 'Ranger''s Breakfast', 'Breakfast', 630, 'western');
INSERT INTO dishes (id, camp_id, legacy_id, name, category, cost_price, section) VALUES ('00000101-0000-4000-8000-000000000003', 'jawai', 3, 'Quinoa Breakfast Hash', 'Breakfast', 285, 'western');
INSERT INTO dishes (id, camp_id, legacy_id, name, category, cost_price, section) VALUES ('00000101-0000-4000-8000-000000000004', 'jawai', 4, 'Waffles & Pancakes', 'Breakfast', 240, 'bakery');
INSERT INTO dishes (id, camp_id, legacy_id, name, category, cost_price, section) VALUES ('00000101-0000-4000-8000-000000000005', 'jawai', 5, 'Vada Pao Burger', 'Breakfast', 168, 'indian');
INSERT INTO dishes (id, camp_id, legacy_id, name, category, cost_price, section) VALUES ('00000101-0000-4000-8000-000000000006', 'jawai', 6, 'Kakosa''s Laal Maas', 'Brunch', 836, 'indian');
INSERT INTO dishes (id, camp_id, legacy_id, name, category, cost_price, section) VALUES ('00000101-0000-4000-8000-000000000007', 'jawai', 7, 'Banana Leaf Fish', 'Brunch', 576, 'indian');
INSERT INTO dishes (id, camp_id, legacy_id, name, category, cost_price, section) VALUES ('00000101-0000-4000-8000-000000000008', 'jawai', 8, 'Chicken Cheeseburger', 'Brunch', 588, 'western');
INSERT INTO dishes (id, camp_id, legacy_id, name, category, cost_price, section) VALUES ('00000101-0000-4000-8000-000000000009', 'jawai', 9, 'Khao Suey Bowl', 'Brunch', 432, 'western');
INSERT INTO dishes (id, camp_id, legacy_id, name, category, cost_price, section) VALUES ('00000101-0000-4000-8000-000000000010', 'jawai', 10, 'Penne Pomodoro', 'Brunch', 330, 'western');
INSERT INTO dishes (id, camp_id, legacy_id, name, category, cost_price, section) VALUES ('00000101-0000-4000-8000-000000000011', 'jawai', 11, 'Pan Roasted Gnocchi', 'Brunch', 442, 'western');
INSERT INTO dishes (id, camp_id, legacy_id, name, category, cost_price, section) VALUES ('00000101-0000-4000-8000-000000000012', 'jawai', 12, 'Signature Banna Pizza', 'Brunch', 640, 'western');
INSERT INTO dishes (id, camp_id, legacy_id, name, category, cost_price, section) VALUES ('00000101-0000-4000-8000-000000000013', 'jawai', 13, 'Chicken Piccante Pizza', 'Brunch', 570, 'western');
INSERT INTO dishes (id, camp_id, legacy_id, name, category, cost_price, section) VALUES ('00000101-0000-4000-8000-000000000014', 'jawai', 14, 'Bianco Pizza', 'Brunch', 448, 'western');
INSERT INTO dishes (id, camp_id, legacy_id, name, category, cost_price, section) VALUES ('00000101-0000-4000-8000-000000000015', 'jawai', 15, 'Garden Harvest Pizza', 'Brunch', 390, 'western');
INSERT INTO dishes (id, camp_id, legacy_id, name, category, cost_price, section) VALUES ('00000101-0000-4000-8000-000000000016', 'jawai', 16, 'Chocolate Brownie', 'Dessert', 187, 'bakery');
INSERT INTO dishes (id, camp_id, legacy_id, name, category, cost_price, section) VALUES ('00000101-0000-4000-8000-000000000017', 'jawai', 17, 'Mango Cheesecake', 'Dessert', 216, 'bakery');
INSERT INTO dishes (id, camp_id, legacy_id, name, category, cost_price, section) VALUES ('00000101-0000-4000-8000-000000000018', 'jawai', 18, 'Grilled Fish', 'Dinner', 630, 'western');
INSERT INTO dishes (id, camp_id, legacy_id, name, category, cost_price, section) VALUES ('00000101-0000-4000-8000-000000000019', 'jawai', 19, 'Grilled Chicken', 'Dinner', 640, 'western');
INSERT INTO dishes (id, camp_id, legacy_id, name, category, cost_price, section) VALUES ('00000101-0000-4000-8000-000000000020', 'jawai', 20, 'Mushroom Girasoli', 'Dinner', 392, 'western');
INSERT INTO dishes (id, camp_id, legacy_id, name, category, cost_price, section) VALUES ('00000101-0000-4000-8000-000000000021', 'jawai', 21, 'Jackfruit Steam Buns', 'Dinner', 384, 'western');
INSERT INTO dishes (id, camp_id, legacy_id, name, category, cost_price, section) VALUES ('00000101-0000-4000-8000-000000000022', 'jawai', 22, 'Skillet Cornfed Chicken', 'Dinner', 840, 'western');
INSERT INTO dishes (id, camp_id, legacy_id, name, category, cost_price, section) VALUES ('00000101-0000-4000-8000-000000000023', 'jawai', 23, 'Maans Ka Salan', 'Godwar', 810, 'indian');
INSERT INTO dishes (id, camp_id, legacy_id, name, category, cost_price, section) VALUES ('00000101-0000-4000-8000-000000000024', 'jawai', 24, 'Hing Dhaniya Aloo', 'Godwar', 182, 'indian');
INSERT INTO dishes (id, camp_id, legacy_id, name, category, cost_price, section) VALUES ('00000101-0000-4000-8000-000000000025', 'jawai', 25, 'Gawar Pathe Ro Saak', 'Godwar', 240, 'indian');
INSERT INTO dishes (id, camp_id, legacy_id, name, category, cost_price, section) VALUES ('00000101-0000-4000-8000-000000000026', 'jawai', 26, 'Murgh Soweta', 'Godwar', 608, 'indian');
INSERT INTO dishes (id, camp_id, legacy_id, name, category, cost_price, section) VALUES ('00000101-0000-4000-8000-000000000027', 'jawai', 27, 'Kaju Ker Ki Dhaak', 'Godwar', 288, 'indian');
INSERT INTO dishes (id, camp_id, legacy_id, name, category, cost_price, section) VALUES ('00000101-0000-4000-8000-000000000028', 'jawai', 28, 'Aamchori Macchi', 'Godwar', 576, 'indian');
INSERT INTO dishes (id, camp_id, legacy_id, name, category, cost_price, section) VALUES ('00000201-0000-4000-8000-000000000101', 'sherbagh', 101, 'Porridge', 'Breakfast', 156, 'western');
INSERT INTO dishes (id, camp_id, legacy_id, name, category, cost_price, section) VALUES ('00000201-0000-4000-8000-000000000102', 'sherbagh', 102, 'Mushrooms on Toast', 'Breakfast', 225, 'western');
INSERT INTO dishes (id, camp_id, legacy_id, name, category, cost_price, section) VALUES ('00000201-0000-4000-8000-000000000103', 'sherbagh', 103, 'Pancakes', 'Breakfast', 224, 'bakery');
INSERT INTO dishes (id, camp_id, legacy_id, name, category, cost_price, section) VALUES ('00000201-0000-4000-8000-000000000104', 'sherbagh', 104, 'Malaji''s Rumble Tumble', 'Breakfast', 238, 'western');
INSERT INTO dishes (id, camp_id, legacy_id, name, category, cost_price, section) VALUES ('00000201-0000-4000-8000-000000000105', 'sherbagh', 105, 'Coddled Eggs', 'Breakfast', 203, 'western');
INSERT INTO dishes (id, camp_id, legacy_id, name, category, cost_price, section) VALUES ('00000201-0000-4000-8000-000000000106', 'sherbagh', 106, 'Akuri Pao', 'Breakfast', 195, 'indian');
INSERT INTO dishes (id, camp_id, legacy_id, name, category, cost_price, section) VALUES ('00000201-0000-4000-8000-000000000107', 'sherbagh', 107, 'Kedgeree', 'Breakfast', 315, 'western');
INSERT INTO dishes (id, camp_id, legacy_id, name, category, cost_price, section) VALUES ('00000201-0000-4000-8000-000000000108', 'sherbagh', 108, 'Croque Tiger', 'Breakfast', 323, 'western');
INSERT INTO dishes (id, camp_id, legacy_id, name, category, cost_price, section) VALUES ('00000201-0000-4000-8000-000000000109', 'sherbagh', 109, 'Bacon Butty', 'Breakfast', 320, 'western');
INSERT INTO dishes (id, camp_id, legacy_id, name, category, cost_price, section) VALUES ('00000201-0000-4000-8000-000000000110', 'sherbagh', 110, 'Governor General''s Breakfast', 'Breakfast', 924, 'western');
INSERT INTO dishes (id, camp_id, legacy_id, name, category, cost_price, section) VALUES ('00000201-0000-4000-8000-000000000111', 'sherbagh', 111, 'Mulligatawny', 'Lunch – Soup', 182, 'indian');
INSERT INTO dishes (id, camp_id, legacy_id, name, category, cost_price, section) VALUES ('00000201-0000-4000-8000-000000000112', 'sherbagh', 112, 'Courgette Soup', 'Lunch – Soup', 156, 'western');
INSERT INTO dishes (id, camp_id, legacy_id, name, category, cost_price, section) VALUES ('00000201-0000-4000-8000-000000000113', 'sherbagh', 113, 'Chicken Consomme', 'Lunch – Soup', 210, 'western');
INSERT INTO dishes (id, camp_id, legacy_id, name, category, cost_price, section) VALUES ('00000201-0000-4000-8000-000000000114', 'sherbagh', 114, 'SUJÁN Organic Garden Salad', 'Lunch – Salad', 192, 'western');
INSERT INTO dishes (id, camp_id, legacy_id, name, category, cost_price, section) VALUES ('00000201-0000-4000-8000-000000000115', 'sherbagh', 115, 'Waldorf Salad', 'Lunch – Salad', 270, 'western');
INSERT INTO dishes (id, camp_id, legacy_id, name, category, cost_price, section) VALUES ('00000201-0000-4000-8000-000000000116', 'sherbagh', 116, 'Truffle Lyonnaise', 'Lunch – Salad', 352, 'western');
INSERT INTO dishes (id, camp_id, legacy_id, name, category, cost_price, section) VALUES ('00000201-0000-4000-8000-000000000117', 'sherbagh', 117, 'Spaghetti Aglio Olio', 'Lunch – Main', 352, 'western');
INSERT INTO dishes (id, camp_id, legacy_id, name, category, cost_price, section) VALUES ('00000201-0000-4000-8000-000000000118', 'sherbagh', 118, 'Caesar', 'Lunch – Main', 350, 'western');
INSERT INTO dishes (id, camp_id, legacy_id, name, category, cost_price, section) VALUES ('00000201-0000-4000-8000-000000000119', 'sherbagh', 119, 'Eggplant Involtini', 'Lunch – Main', 360, 'western');
INSERT INTO dishes (id, camp_id, legacy_id, name, category, cost_price, section) VALUES ('00000201-0000-4000-8000-000000000120', 'sherbagh', 120, 'Anglo-Indian Camp Curry', 'Lunch – Main', 532, 'indian');
INSERT INTO dishes (id, camp_id, legacy_id, name, category, cost_price, section) VALUES ('00000201-0000-4000-8000-000000000121', 'sherbagh', 121, 'Jhalfarazie Fish Cake', 'Lunch – Main', 576, 'western');
INSERT INTO dishes (id, camp_id, legacy_id, name, category, cost_price, section) VALUES ('00000201-0000-4000-8000-000000000122', 'sherbagh', 122, 'Burrah Sahib Club Sandwich', 'Lunch – Main', 440, 'western');
INSERT INTO dishes (id, camp_id, legacy_id, name, category, cost_price, section) VALUES ('00000201-0000-4000-8000-000000000123', 'sherbagh', 123, 'Double Barrel Burger', 'Lunch – Main', 588, 'western');
INSERT INTO dishes (id, camp_id, legacy_id, name, category, cost_price, section) VALUES ('00000201-0000-4000-8000-000000000124', 'sherbagh', 124, 'Coronation Chicken Pie', 'Lunch – Main', 570, 'western');
INSERT INTO dishes (id, camp_id, legacy_id, name, category, cost_price, section) VALUES ('00000201-0000-4000-8000-000000000125', 'sherbagh', 125, 'Crepe Suzette', 'Dessert', 192, 'bakery');
INSERT INTO dishes (id, camp_id, legacy_id, name, category, cost_price, section) VALUES ('00000201-0000-4000-8000-000000000126', 'sherbagh', 126, 'Classic Mille Feuille', 'Dessert', 221, 'bakery');
INSERT INTO dishes (id, camp_id, legacy_id, name, category, cost_price, section) VALUES ('00000201-0000-4000-8000-000000000127', 'sherbagh', 127, 'Chocolate Profiterole', 'Dessert', 216, 'bakery');
INSERT INTO dishes (id, camp_id, legacy_id, name, category, cost_price, section) VALUES ('00000201-0000-4000-8000-000000000128', 'sherbagh', 128, 'Homemade Ice-Creams', 'Dessert', 154, 'bakery');
INSERT INTO dishes (id, camp_id, legacy_id, name, category, cost_price, section) VALUES ('00000201-0000-4000-8000-000000000129', 'sherbagh', 129, 'Jalfrezi Pizza', 'Pizza', 608, 'western');
INSERT INTO dishes (id, camp_id, legacy_id, name, category, cost_price, section) VALUES ('00000201-0000-4000-8000-000000000130', 'sherbagh', 130, 'Diavola Pizza', 'Pizza', 640, 'western');
INSERT INTO dishes (id, camp_id, legacy_id, name, category, cost_price, section) VALUES ('00000201-0000-4000-8000-000000000131', 'sherbagh', 131, 'Roast Garlic & Goat Cheese Pizza', 'Pizza', 612, 'western');
INSERT INTO dishes (id, camp_id, legacy_id, name, category, cost_price, section) VALUES ('00000201-0000-4000-8000-000000000132', 'sherbagh', 132, 'Margherita Pizza', 'Pizza', 476, 'western');
INSERT INTO dishes (id, camp_id, legacy_id, name, category, cost_price, section) VALUES ('00000201-0000-4000-8000-000000000133', 'sherbagh', 133, 'Garden Harvest Pizza', 'Pizza', 448, 'western');
INSERT INTO dishes (id, camp_id, legacy_id, name, category, cost_price, section) VALUES ('00000201-0000-4000-8000-000000000134', 'sherbagh', 134, 'Hari Mirch ka Keema', 'Thali', 960, 'indian');
INSERT INTO dishes (id, camp_id, legacy_id, name, category, cost_price, section) VALUES ('00000201-0000-4000-8000-000000000135', 'sherbagh', 135, 'Dal Churchurree', 'Thali', 720, 'indian');
INSERT INTO dishes (id, camp_id, legacy_id, name, category, cost_price, section) VALUES ('00000201-0000-4000-8000-000000000140', 'sherbagh', 140, 'Sailana Murgh', 'Thali', 912, 'indian');
INSERT INTO dishes (id, camp_id, legacy_id, name, category, cost_price, section) VALUES ('00000201-0000-4000-8000-000000000144', 'sherbagh', 144, 'Macchi Methi Dana', 'Thali', 864, 'indian');
INSERT INTO dishes (id, camp_id, legacy_id, name, category, cost_price, section) VALUES ('00000301-0000-4000-8000-000000000201', 'serai', 201, 'Minestrone Genovese', 'Soup', 238, 'western');
INSERT INTO dishes (id, camp_id, legacy_id, name, category, cost_price, section) VALUES ('00000301-0000-4000-8000-000000000202', 'serai', 202, 'Sweet Potato Soup', 'Soup', 221, 'western');
INSERT INTO dishes (id, camp_id, legacy_id, name, category, cost_price, section) VALUES ('00000301-0000-4000-8000-000000000203', 'serai', 203, 'Spinach Soup', 'Soup', 213, 'western');
INSERT INTO dishes (id, camp_id, legacy_id, name, category, cost_price, section) VALUES ('00000301-0000-4000-8000-000000000204', 'serai', 204, 'Mushroom Soup', 'Soup', 230, 'western');
INSERT INTO dishes (id, camp_id, legacy_id, name, category, cost_price, section) VALUES ('00000301-0000-4000-8000-000000000205', 'serai', 205, 'Smoked Chicken Soup', 'Soup', 285, 'western');
INSERT INTO dishes (id, camp_id, legacy_id, name, category, cost_price, section) VALUES ('00000301-0000-4000-8000-000000000206', 'serai', 206, 'Smoked Beetroot Feta Salad', 'Salad', 448, 'western');
INSERT INTO dishes (id, camp_id, legacy_id, name, category, cost_price, section) VALUES ('00000301-0000-4000-8000-000000000207', 'serai', 207, 'Quinoa Salad', 'Salad', 420, 'western');
INSERT INTO dishes (id, camp_id, legacy_id, name, category, cost_price, section) VALUES ('00000301-0000-4000-8000-000000000208', 'serai', 208, 'Orange and Dates Salad', 'Salad', 406, 'western');
INSERT INTO dishes (id, camp_id, legacy_id, name, category, cost_price, section) VALUES ('00000301-0000-4000-8000-000000000209', 'serai', 209, 'Farmed Carrot Salad', 'Salad', 392, 'western');
INSERT INTO dishes (id, camp_id, legacy_id, name, category, cost_price, section) VALUES ('00000301-0000-4000-8000-000000000210', 'serai', 210, 'The Serai Caesar Salad', 'Salad', 525, 'western');
INSERT INTO dishes (id, camp_id, legacy_id, name, category, cost_price, section) VALUES ('00000301-0000-4000-8000-000000000211', 'serai', 211, 'Carrot and Onion Fritters', 'Small Plate', 420, 'western');
INSERT INTO dishes (id, camp_id, legacy_id, name, category, cost_price, section) VALUES ('00000301-0000-4000-8000-000000000212', 'serai', 212, 'Leeks with Muhammara', 'Small Plate', 448, 'western');
INSERT INTO dishes (id, camp_id, legacy_id, name, category, cost_price, section) VALUES ('00000301-0000-4000-8000-000000000213', 'serai', 213, 'SUJAN Garden Crudites', 'Small Plate', 392, 'western');
INSERT INTO dishes (id, camp_id, legacy_id, name, category, cost_price, section) VALUES ('00000301-0000-4000-8000-000000000214', 'serai', 214, 'Chicken Shish Taouk', 'Small Plate', 560, 'western');
INSERT INTO dishes (id, camp_id, legacy_id, name, category, cost_price, section) VALUES ('00000301-0000-4000-8000-000000000215', 'serai', 215, 'Lamb Albondigas', 'Small Plate', 800, 'western');
INSERT INTO dishes (id, camp_id, legacy_id, name, category, cost_price, section) VALUES ('00000301-0000-4000-8000-000000000216', 'serai', 216, 'La Verdezza Pizza', 'Pizza', 630, 'western');
INSERT INTO dishes (id, camp_id, legacy_id, name, category, cost_price, section) VALUES ('00000301-0000-4000-8000-000000000217', 'serai', 217, 'Bianca Pizza', 'Pizza', 613, 'western');
INSERT INTO dishes (id, camp_id, legacy_id, name, category, cost_price, section) VALUES ('00000301-0000-4000-8000-000000000218', 'serai', 218, 'Agilo Bruciato Pizza', 'Pizza', 648, 'western');
INSERT INTO dishes (id, camp_id, legacy_id, name, category, cost_price, section) VALUES ('00000301-0000-4000-8000-000000000219', 'serai', 219, 'Proscuitto Pizza', 'Pizza', 780, 'western');
INSERT INTO dishes (id, camp_id, legacy_id, name, category, cost_price, section) VALUES ('00000301-0000-4000-8000-000000000220', 'serai', 220, 'Lamb Pide', 'Pizza', 819, 'western');
INSERT INTO dishes (id, camp_id, legacy_id, name, category, cost_price, section) VALUES ('00000301-0000-4000-8000-000000000221', 'serai', 221, 'Chicken Picante Pizza', 'Pizza', 741, 'western');
INSERT INTO dishes (id, camp_id, legacy_id, name, category, cost_price, section) VALUES ('00000301-0000-4000-8000-000000000222', 'serai', 222, 'Classic Diavola Pizza', 'Pizza', 761, 'western');
INSERT INTO dishes (id, camp_id, legacy_id, name, category, cost_price, section) VALUES ('00000301-0000-4000-8000-000000000223', 'serai', 223, 'Cauliflower Steak', 'Main', 420, 'western');
INSERT INTO dishes (id, camp_id, legacy_id, name, category, cost_price, section) VALUES ('00000301-0000-4000-8000-000000000224', 'serai', 224, 'Melanzane Parmigiana', 'Main', 525, 'western');
INSERT INTO dishes (id, camp_id, legacy_id, name, category, cost_price, section) VALUES ('00000301-0000-4000-8000-000000000225', 'serai', 225, 'Pesto and Almond Risotto', 'Main', 576, 'western');
INSERT INTO dishes (id, camp_id, legacy_id, name, category, cost_price, section) VALUES ('00000301-0000-4000-8000-000000000226', 'serai', 226, 'Morel Pici Pasta', 'Main', 850, 'western');
INSERT INTO dishes (id, camp_id, legacy_id, name, category, cost_price, section) VALUES ('00000301-0000-4000-8000-000000000227', 'serai', 227, 'River Sole Sauce Vierge', 'Main', 950, 'western');
INSERT INTO dishes (id, camp_id, legacy_id, name, category, cost_price, section) VALUES ('00000301-0000-4000-8000-000000000228', 'serai', 228, 'Wood Oven Roasted Chicken', 'Main', 1000, 'western');
INSERT INTO dishes (id, camp_id, legacy_id, name, category, cost_price, section) VALUES ('00000301-0000-4000-8000-000000000229', 'serai', 229, 'Chicken Tajine', 'Main', 975, 'western');
INSERT INTO dishes (id, camp_id, legacy_id, name, category, cost_price, section) VALUES ('00000301-0000-4000-8000-000000000230', 'serai', 230, 'Pan Seared Duck', 'Main', 1232, 'western');
INSERT INTO dishes (id, camp_id, legacy_id, name, category, cost_price, section) VALUES ('00000301-0000-4000-8000-000000000231', 'serai', 231, 'Peri Peri Scampi', 'Main', 1176, 'western');
INSERT INTO dishes (id, camp_id, legacy_id, name, category, cost_price, section) VALUES ('00000301-0000-4000-8000-000000000232', 'serai', 232, 'Braised Lamb Shank', 'Main', 1440, 'western');
INSERT INTO dishes (id, camp_id, legacy_id, name, category, cost_price, section) VALUES ('00000301-0000-4000-8000-000000000233', 'serai', 233, 'Lemon Posset', 'Dessert', 209, 'bakery');
INSERT INTO dishes (id, camp_id, legacy_id, name, category, cost_price, section) VALUES ('00000301-0000-4000-8000-000000000234', 'serai', 234, 'Sticky Toffee Date Pudding', 'Dessert', 228, 'bakery');
INSERT INTO dishes (id, camp_id, legacy_id, name, category, cost_price, section) VALUES ('00000301-0000-4000-8000-000000000235', 'serai', 235, 'Mahalabia', 'Dessert', 218, 'bakery');
INSERT INTO dishes (id, camp_id, legacy_id, name, category, cost_price, section) VALUES ('00000301-0000-4000-8000-000000000236', 'serai', 236, 'Orange and Polenta Cake', 'Dessert', 238, 'bakery');
INSERT INTO dishes (id, camp_id, legacy_id, name, category, cost_price, section) VALUES ('00000301-0000-4000-8000-000000000237', 'serai', 237, 'Ice Cream and Sorbets', 'Dessert', 190, 'bakery');
INSERT INTO dishes (id, camp_id, legacy_id, name, category, cost_price, section) VALUES ('00000301-0000-4000-8000-000000000238', 'serai', 238, 'SUJAN Brownie', 'Dessert', 264, 'bakery');
INSERT INTO dishes (id, camp_id, legacy_id, name, category, cost_price, section) VALUES ('00000301-0000-4000-8000-000000000239', 'serai', 239, 'Thar Murgh Thali', 'Thali', 2280, 'indian');
INSERT INTO dishes (id, camp_id, legacy_id, name, category, cost_price, section) VALUES ('00000301-0000-4000-8000-000000000240', 'serai', 240, 'Laal Maans Thali', 'Thali', 2400, 'indian');
INSERT INTO dishes (id, camp_id, legacy_id, name, category, cost_price, section) VALUES ('00000301-0000-4000-8000-000000000241', 'serai', 241, 'Lunch Thali', 'Thali', 1800, 'indian');
INSERT INTO dishes (id, camp_id, legacy_id, name, category, cost_price, section) VALUES ('00000301-0000-4000-8000-000000000242', 'serai', 242, 'Khud Raan Thali', 'Thali', 2520, 'indian');
INSERT INTO recipe_lines (dish_id, ingredient_id, grams) VALUES ('00000101-0000-4000-8000-000000000001', '00001001-0000-4000-8000-000000000004', 150);
INSERT INTO recipe_lines (dish_id, ingredient_id, grams) VALUES ('00000101-0000-4000-8000-000000000001', '00001001-0000-4000-8000-000000000014', 20);
INSERT INTO recipe_lines (dish_id, ingredient_id, grams) VALUES ('00000101-0000-4000-8000-000000000001', '00001001-0000-4000-8000-000000000021', 10);
INSERT INTO recipe_lines (dish_id, ingredient_id, grams) VALUES ('00000101-0000-4000-8000-000000000006', '00001001-0000-4000-8000-000000000002', 250);
INSERT INTO recipe_lines (dish_id, ingredient_id, grams) VALUES ('00000101-0000-4000-8000-000000000006', '00001001-0000-4000-8000-000000000007', 80);
INSERT INTO recipe_lines (dish_id, ingredient_id, grams) VALUES ('00000101-0000-4000-8000-000000000006', '00001001-0000-4000-8000-000000000008', 60);
INSERT INTO recipe_lines (dish_id, ingredient_id, grams) VALUES ('00000101-0000-4000-8000-000000000006', '00001001-0000-4000-8000-000000000020', 15);
INSERT INTO recipe_lines (dish_id, ingredient_id, grams) VALUES ('00000101-0000-4000-8000-000000000006', '00001001-0000-4000-8000-000000000021', 20);
INSERT INTO recipe_lines (dish_id, ingredient_id, grams) VALUES ('00000101-0000-4000-8000-000000000007', '00001001-0000-4000-8000-000000000003', 220);
INSERT INTO recipe_lines (dish_id, ingredient_id, grams) VALUES ('00000101-0000-4000-8000-000000000007', '00001001-0000-4000-8000-000000000006', 100);
INSERT INTO recipe_lines (dish_id, ingredient_id, grams) VALUES ('00000101-0000-4000-8000-000000000007', '00001001-0000-4000-8000-000000000010', 60);
INSERT INTO recipe_lines (dish_id, ingredient_id, grams) VALUES ('00000101-0000-4000-8000-000000000007', '00001001-0000-4000-8000-000000000021', 15);
INSERT INTO recipe_lines (dish_id, ingredient_id, grams) VALUES ('00000101-0000-4000-8000-000000000008', '00001001-0000-4000-8000-000000000001', 180);
INSERT INTO recipe_lines (dish_id, ingredient_id, grams) VALUES ('00000101-0000-4000-8000-000000000008', '00001001-0000-4000-8000-000000000005', 80);
INSERT INTO recipe_lines (dish_id, ingredient_id, grams) VALUES ('00000101-0000-4000-8000-000000000008', '00001001-0000-4000-8000-000000000007', 50);
INSERT INTO recipe_lines (dish_id, ingredient_id, grams) VALUES ('00000101-0000-4000-8000-000000000008', '00001001-0000-4000-8000-000000000016', 40);
INSERT INTO recipe_lines (dish_id, ingredient_id, grams) VALUES ('00000101-0000-4000-8000-000000000008', '00001001-0000-4000-8000-000000000013', 30);
INSERT INTO recipe_lines (dish_id, ingredient_id, grams) VALUES ('00000101-0000-4000-8000-000000000016', '00001001-0000-4000-8000-000000000018', 80);
INSERT INTO recipe_lines (dish_id, ingredient_id, grams) VALUES ('00000101-0000-4000-8000-000000000016', '00001001-0000-4000-8000-000000000005', 60);
INSERT INTO recipe_lines (dish_id, ingredient_id, grams) VALUES ('00000101-0000-4000-8000-000000000016', '00001001-0000-4000-8000-000000000014', 40);
INSERT INTO recipe_lines (dish_id, ingredient_id, grams) VALUES ('00000101-0000-4000-8000-000000000016', '00001001-0000-4000-8000-000000000013', 50);
INSERT INTO recipe_lines (dish_id, ingredient_id, grams) VALUES ('00000101-0000-4000-8000-000000000017', '00001001-0000-4000-8000-000000000019', 120);
INSERT INTO recipe_lines (dish_id, ingredient_id, grams) VALUES ('00000101-0000-4000-8000-000000000017', '00001001-0000-4000-8000-000000000013', 80);
INSERT INTO recipe_lines (dish_id, ingredient_id, grams) VALUES ('00000101-0000-4000-8000-000000000017', '00001001-0000-4000-8000-000000000014', 30);
INSERT INTO recipe_lines (dish_id, ingredient_id, grams) VALUES ('00000101-0000-4000-8000-000000000019', '00001001-0000-4000-8000-000000000001', 220);
INSERT INTO recipe_lines (dish_id, ingredient_id, grams) VALUES ('00000101-0000-4000-8000-000000000019', '00001001-0000-4000-8000-000000000007', 60);
INSERT INTO recipe_lines (dish_id, ingredient_id, grams) VALUES ('00000101-0000-4000-8000-000000000019', '00001001-0000-4000-8000-000000000020', 15);
INSERT INTO recipe_lines (dish_id, ingredient_id, grams) VALUES ('00000101-0000-4000-8000-000000000019', '00001001-0000-4000-8000-000000000015', 20);
INSERT INTO recipe_lines (dish_id, ingredient_id, grams) VALUES ('00000101-0000-4000-8000-000000000023', '00001001-0000-4000-8000-000000000002', 280);
INSERT INTO recipe_lines (dish_id, ingredient_id, grams) VALUES ('00000101-0000-4000-8000-000000000023', '00001001-0000-4000-8000-000000000007', 80);
INSERT INTO recipe_lines (dish_id, ingredient_id, grams) VALUES ('00000101-0000-4000-8000-000000000023', '00001001-0000-4000-8000-000000000020', 20);
INSERT INTO recipe_lines (dish_id, ingredient_id, grams) VALUES ('00000101-0000-4000-8000-000000000023', '00001001-0000-4000-8000-000000000021', 15);
INSERT INTO staff (id, camp_id, name, designation, section, doj, phone, email, init_pl, init_cl, init_ml) VALUES ('00002001-0000-4000-8000-000000000001', 'jawai', 'Ramesh Kumar', 'Executive Chef', 'Kitchen General', '2020-01-15', '9001234567', 'ramesh@sujan.in', 18, 5, 7);
INSERT INTO staff (id, camp_id, name, designation, section, doj, phone, email, init_pl, init_cl, init_ml) VALUES ('00002001-0000-4000-8000-000000000002', 'jawai', 'Priya Sharma', 'Sous Chef', 'Indian', '2021-03-10', '9001234568', 'priya@sujan.in', 18, 5, 7);
INSERT INTO staff (id, camp_id, name, designation, section, doj, phone, email, init_pl, init_cl, init_ml) VALUES ('00002001-0000-4000-8000-000000000003', 'jawai', 'Anil Verma', 'Chef de Partie', 'Western', '2022-06-01', '9001234569', NULL, 18, 5, 7);
INSERT INTO staff (id, camp_id, name, designation, section, doj, phone, email, init_pl, init_cl, init_ml) VALUES ('00002001-0000-4000-8000-000000000004', 'jawai', 'Sunita Devi', 'Baker', 'Bakery & Patisserie', '2021-09-20', NULL, NULL, 18, 5, 7);
INSERT INTO staff (id, camp_id, name, designation, section, doj, phone, email, init_pl, init_cl, init_ml) VALUES ('00002001-0000-4000-8000-000000000005', 'sherbagh', 'Mohan Singh', 'Chef de Partie', 'Indian', '2023-01-05', NULL, NULL, 18, 5, 7);
INSERT INTO staff (id, camp_id, name, designation, section, doj, phone, email, init_pl, init_cl, init_ml) VALUES ('00002001-0000-4000-8000-000000000006', 'sherbagh', 'Deepa Nair', 'Sous Chef', 'Western', '2022-04-15', NULL, NULL, 18, 5, 7);
INSERT INTO staff (id, camp_id, name, designation, section, doj, phone, email, init_pl, init_cl, init_ml) VALUES ('00002001-0000-4000-8000-000000000007', 'serai', 'Farhan Qureshi', 'Commis Chef', 'Indian', '2023-07-01', NULL, NULL, 18, 5, 7);
INSERT INTO staff (id, camp_id, name, designation, section, doj, phone, email, init_pl, init_cl, init_ml) VALUES ('00002001-0000-4000-8000-000000000008', 'serai', 'Laxmi Bai', 'Pastry Chef', 'Bakery & Patisserie', '2021-11-10', NULL, NULL, 18, 5, 7);

-- Guests (profile + stay keys, phone, tents)

INSERT INTO guests (id, camp_id, reg_no, name, nationality, tent, check_in, check_out, food_pref, allergies, diet_notes, experiences, feedback, chef_notes, status, phone, profile_id, profile_key, stay_key) VALUES ('00004001-0000-4000-8000-000000000001', 'jawai', 'JW-2026-014', 'James & Emily Hartley', 'United Kingdom', 'Tent 3', '2026-06-10', '2026-06-16', 'omnivore', NULL, 'Prefer lighter lunches; Emily avoids shellfish', 'Bush dinner booked 12 Jun; leopard safari 11 Jun', NULL, 'Celebrating anniversary — note on dessert plate', 'in-house', '+44 7700 900123', '00004101-0000-4000-8000-000000000001', 'james & emily hartley|+44 7700 900123', '3|james & emily hartley|+44 7700 900123');
INSERT INTO guests (id, camp_id, reg_no, name, nationality, tent, check_in, check_out, food_pref, allergies, diet_notes, experiences, feedback, chef_notes, status, phone, profile_id, profile_key, stay_key) VALUES ('00004001-0000-4000-8000-000000000002', 'jawai', 'JW-2026-018', 'Dr. Rajeev Mehta', 'India', 'Tent 7', '2026-06-10', '2026-06-16', 'omnivore', NULL, 'Low spice at breakfast; enjoys regional Godwar menu', 'Village walk 11 Jun', 'Excellent laal maas on previous visit', 'Returning guest — 3rd visit', 'in-house', '+91 98200 11234', '00004101-0000-4000-8000-000000000002', 'dr. rajeev mehta|+91 98200 11234', '7|dr. rajeev mehta|+91 98200 11234');
INSERT INTO guests (id, camp_id, reg_no, name, nationality, tent, check_in, check_out, food_pref, allergies, diet_notes, experiences, feedback, chef_notes, status, phone, profile_id, profile_key, stay_key) VALUES ('00004001-0000-4000-8000-000000000003', 'jawai', 'JW-2026-011', 'Sophie Laurent', 'France', 'Tent 12', '2026-06-08', '2026-06-14', 'omnivore', 'Gluten', 'Strict gluten-free; ok with rice and millets', 'Photography drive 10 Jun', NULL, 'Use separate prep area for GF items', 'in-house', '+33 6 12 34 56 78', '00004101-0000-4000-8000-000000000003', 'sophie laurent|+33 6 12 34 56 78', '12|sophie laurent|+33 6 12 34 56 78');
INSERT INTO guests (id, camp_id, reg_no, name, nationality, tent, check_in, check_out, food_pref, allergies, diet_notes, experiences, feedback, chef_notes, status, phone, profile_id, profile_key, stay_key) VALUES ('00004001-0000-4000-8000-000000000004', 'jawai', 'JW-2026-019', 'Marcus & Linda Whitmore', 'United States', 'Tent 5', '2026-06-11', '2026-06-17', 'pescatarian', NULL, 'No red meat; fish and vegetarian mains only', 'Rock climbing 13 Jun', NULL, NULL, 'in-house', '+1 415 555 0198', '00004101-0000-4000-8000-000000000004', 'marcus & linda whitmore|+1 415 555 0198', '5|marcus & linda whitmore|+1 415 555 0198');
INSERT INTO guests (id, camp_id, reg_no, name, nationality, tent, check_in, check_out, food_pref, allergies, diet_notes, experiences, feedback, chef_notes, status, phone, profile_id, profile_key, stay_key) VALUES ('00004001-0000-4000-8000-000000000005', 'jawai', 'JW-2026-022', 'David Chen', 'Singapore', 'Tent 9', '2026-06-15', '2026-06-19', 'omnivore', NULL, 'Prefers Asian-spiced breakfasts', 'Arriving afternoon of 15 Jun', NULL, 'Welcome amenity — mango lassi', 'expected', '+65 9123 4567', '00004101-0000-4000-8000-000000000005', 'david chen|+65 9123 4567', '9|david chen|+65 9123 4567');
INSERT INTO guests (id, camp_id, reg_no, name, nationality, tent, check_in, check_out, food_pref, allergies, diet_notes, experiences, feedback, chef_notes, status, phone, profile_id, profile_key, stay_key) VALUES ('00004001-0000-4000-8000-000000000006', 'jawai', 'JW-2026-025', 'Kenji & Yoko Fujimoto', 'Japan', 'Tent 11', '2026-06-20', '2026-06-24', 'pescatarian', NULL, 'Light dinners; enjoys local fish preparations', 'Birding extension booked', NULL, 'First visit — confirm spice tolerance on arrival', 'expected', '+81 80 9876 5432', '00004101-0000-4000-8000-000000000006', 'kenji & yoko fujimoto|+81 80 9876 5432', '11|kenji & yoko fujimoto|+81 80 9876 5432');
INSERT INTO guests (id, camp_id, reg_no, name, nationality, tent, check_in, check_out, food_pref, allergies, diet_notes, experiences, feedback, chef_notes, status, phone, profile_id, profile_key, stay_key) VALUES ('00004001-0000-4000-8000-000000000007', 'jawai', 'JW-2026-004', 'Patricia Webb', 'United States', 'Tent 2', '2026-06-01', '2026-06-06', 'vegetarian', NULL, 'Enjoyed millet-based breakfasts', 'Departure 6 Jun', 'Wonderful Godwar flavours — will return', NULL, 'checked-out', '+1 617 555 0144', '00004101-0000-4000-8000-000000000007', 'patricia webb|+1 617 555 0144', '2|patricia webb|+1 617 555 0144');
INSERT INTO guests (id, camp_id, reg_no, name, nationality, tent, check_in, check_out, food_pref, allergies, diet_notes, experiences, feedback, chef_notes, status, phone, profile_id, profile_key, stay_key) VALUES ('00004001-0000-4000-8000-000000000008', 'jawai', 'JW-2026-002', 'The Sinclair Family', 'United Kingdom', 'Tent 6', '2026-03-12', '2026-03-18', 'omnivore', 'Dairy', 'One child — mild spice; lactose-free desserts', 'Spring break safari', 'Kids loved the waffle breakfast', NULL, 'checked-out', '+44 161 496 0345', '00004101-0000-4000-8000-000000000008', 'the sinclair family|+44 161 496 0345', '6|the sinclair family|+44 161 496 0345');
INSERT INTO guests (id, camp_id, reg_no, name, nationality, tent, check_in, check_out, food_pref, allergies, diet_notes, experiences, feedback, chef_notes, status, phone, profile_id, profile_key, stay_key) VALUES ('00004001-0000-4000-8000-000000000009', 'jawai', 'JW-2025-041', 'James & Emily Hartley', 'United Kingdom', 'Tent 8', '2025-02-14', '2025-02-18', 'omnivore', NULL, 'Anniversary trip — same couple as current stay', 'Valentine bush dinner', 'Memorable first SUJÁN stay', NULL, 'checked-out', '+44 7700 900123', '00004101-0000-4000-8000-000000000001', 'james & emily hartley|+44 7700 900123', '8|james & emily hartley|+44 7700 900123');
INSERT INTO guests (id, camp_id, reg_no, name, nationality, tent, check_in, check_out, food_pref, allergies, diet_notes, experiences, feedback, chef_notes, status, phone, profile_id, profile_key, stay_key) VALUES ('00004001-0000-4000-8000-000000000010', 'jawai', 'JW-2025-112', 'Michael O''Brien', 'Ireland', 'Tent 1', '2025-12-20', '2025-12-26', 'omnivore', NULL, 'Christmas week guest — prefers hearty breakfasts', 'Christmas Eve dinner', 'Laal maas was highlight', NULL, 'checked-out', '+353 87 123 4567', '00004101-0000-4000-8000-000000000010', 'michael o''brien|+353 87 123 4567', '1|michael o''brien|+353 87 123 4567');
INSERT INTO guests (id, camp_id, reg_no, name, nationality, tent, check_in, check_out, food_pref, allergies, diet_notes, experiences, feedback, chef_notes, status, phone, profile_id, profile_key, stay_key) VALUES ('00004001-0000-4000-8000-000000000011', 'jawai', 'JW-2025-078', 'Sandra Liu', 'China', 'Tent 10', '2025-10-05', '2025-10-09', 'omnivore', 'Shellfish', 'No prawns or crab — fish ok', 'Diwali week visit', NULL, NULL, 'checked-out', '+86 138 0013 8000', '00004101-0000-4000-8000-000000000011', 'sandra liu|+86 138 0013 8000', '10|sandra liu|+86 138 0013 8000');
INSERT INTO guests (id, camp_id, reg_no, name, nationality, tent, check_in, check_out, food_pref, allergies, diet_notes, experiences, feedback, chef_notes, status, phone, profile_id, profile_key, stay_key) VALUES ('00004001-0000-4000-8000-000000000012', 'jawai', 'JW-2025-089', 'Dr. Rajeev Mehta', 'India', 'Tent 4', '2025-11-10', '2025-11-14', 'omnivore', NULL, 'Low spice at breakfast', 'Birding walk', 'Memorable Godwar thali on last night', NULL, 'checked-out', '+91 98200 11234', '00004101-0000-4000-8000-000000000002', 'dr. rajeev mehta|+91 98200 11234', '4|dr. rajeev mehta|+91 98200 11234');
INSERT INTO guests (id, camp_id, reg_no, name, nationality, tent, check_in, check_out, food_pref, allergies, diet_notes, experiences, feedback, chef_notes, status, phone, profile_id, profile_key, stay_key) VALUES ('00004001-0000-4000-8000-000000000013', 'jawai', 'JW-2026-001', 'Arjun & Neha Kapoor', 'India', 'Tent 4', '2026-01-08', '2026-01-12', 'vegetarian', NULL, 'Winter sun break — prefers hot soups at lunch', 'New Year stay', 'Excellent bakery selection', NULL, 'checked-out', '+91 98100 55443', '00004101-0000-4000-8000-000000000013', 'arjun & neha kapoor|+91 98100 55443', '4|arjun & neha kapoor|+91 98100 55443');
INSERT INTO guests (id, camp_id, reg_no, name, nationality, tent, check_in, check_out, food_pref, allergies, diet_notes, experiences, feedback, chef_notes, status, phone, profile_id, profile_key, stay_key) VALUES ('00004001-0000-4000-8000-000000000014', 'jawai', 'JW-2026-003', 'Robert & Helen Morris', 'United Kingdom', 'Tent 9', '2026-04-02', '2026-04-07', 'omnivore', NULL, 'Easter holiday — requested picnic hampers', 'Easter brunch outdoors', NULL, NULL, 'checked-out', '+44 7700 900456', '00004101-0000-4000-8000-000000000014', 'robert & helen morris|+44 7700 900456', '9|robert & helen morris|+44 7700 900456');
INSERT INTO guests (id, camp_id, reg_no, name, nationality, tent, check_in, check_out, food_pref, allergies, diet_notes, experiences, feedback, chef_notes, status, phone, profile_id, profile_key, stay_key) VALUES ('00004001-0000-4000-8000-000000000021', 'sherbagh', 'SB-2026-006', 'Eleanor & Henry Ashworth', 'United Kingdom', 'Tent 2', '2026-06-09', '2026-06-15', 'omnivore', NULL, 'Classic Anglo-Indian comfort food', 'Horse safari 12 Jun', NULL, 'Tea service at 4pm daily', 'in-house', '+44 20 7946 0958', '00004101-0000-4000-8000-000000000021', 'eleanor & henry ashworth|+44 20 7946 0958', '2|eleanor & henry ashworth|+44 20 7946 0958');
INSERT INTO guests (id, camp_id, reg_no, name, nationality, tent, check_in, check_out, food_pref, allergies, diet_notes, experiences, feedback, chef_notes, status, phone, profile_id, profile_key, stay_key) VALUES ('00004001-0000-4000-8000-000000000022', 'sherbagh', 'SB-2026-008', 'Ananya Krishnan', 'India', 'Tent 6', '2026-06-11', '2026-06-18', 'vegetarian', NULL, 'No onion-garlic on Tuesdays', 'Jungle drive 13 Jun', NULL, NULL, 'in-house', '+91 98450 12345', '00004101-0000-4000-8000-000000000022', 'ananya krishnan|+91 98450 12345', '6|ananya krishnan|+91 98450 12345');
INSERT INTO guests (id, camp_id, reg_no, name, nationality, tent, check_in, check_out, food_pref, allergies, diet_notes, experiences, feedback, chef_notes, status, phone, profile_id, profile_key, stay_key) VALUES ('00004001-0000-4000-8000-000000000023', 'sherbagh', 'SB-2026-003', 'Thomas Berg', 'Germany', 'Tent 4', '2026-06-07', '2026-06-13', 'omnivore', 'Nuts', 'Nut-free kitchen protocol', 'Departed 13 Jun morning', 'Loved the camp curry', NULL, 'checked-out', '+49 170 1234567', '00004101-0000-4000-8000-000000000023', 'thomas berg|+49 170 1234567', '4|thomas berg|+49 170 1234567');
INSERT INTO guests (id, camp_id, reg_no, name, nationality, tent, check_in, check_out, food_pref, allergies, diet_notes, experiences, feedback, chef_notes, status, phone, profile_id, profile_key, stay_key) VALUES ('00004001-0000-4000-8000-000000000024', 'sherbagh', 'SB-2026-012', 'Priya & Arjun Nair', 'India', 'Tent 8', '2026-06-16', '2026-06-20', 'omnivore', NULL, NULL, 'Honeymoon — arriving 16 Jun', NULL, 'Prepare welcome platter', 'expected', '+91 98765 43210', '00004101-0000-4000-8000-000000000024', 'priya & arjun nair|+91 98765 43210', '8|priya & arjun nair|+91 98765 43210');
INSERT INTO guests (id, camp_id, reg_no, name, nationality, tent, check_in, check_out, food_pref, allergies, diet_notes, experiences, feedback, chef_notes, status, phone, profile_id, profile_key, stay_key) VALUES ('00004001-0000-4000-8000-000000000029', 'sherbagh', 'SB-2026-015', 'Claire Morrison', 'Canada', 'Tent 5', '2026-06-18', '2026-06-22', 'gluten-free', 'Gluten', 'Celiac — strict GF throughout', 'Arriving 18 Jun', NULL, 'GF briefing for kitchen team', 'expected', '+1 416 555 0188', '00004101-0000-4000-8000-000000000029', 'claire morrison|+1 416 555 0188', '5|claire morrison|+1 416 555 0188');
INSERT INTO guests (id, camp_id, reg_no, name, nationality, tent, check_in, check_out, food_pref, allergies, diet_notes, experiences, feedback, chef_notes, status, phone, profile_id, profile_key, stay_key) VALUES ('00004001-0000-4000-8000-000000000025', 'sherbagh', 'SB-2025-044', 'Eleanor & Henry Ashworth', 'United Kingdom', 'Tent 3', '2025-09-14', '2025-09-19', 'omnivore', NULL, 'Prior visit — requested same afternoon tea setup', 'Tiger safari anniversary', 'Governor General breakfast unforgettable', NULL, 'checked-out', '+44 20 7946 0958', '00004101-0000-4000-8000-000000000021', 'eleanor & henry ashworth|+44 20 7946 0958', '3|eleanor & henry ashworth|+44 20 7946 0958');
INSERT INTO guests (id, camp_id, reg_no, name, nationality, tent, check_in, check_out, food_pref, allergies, diet_notes, experiences, feedback, chef_notes, status, phone, profile_id, profile_key, stay_key) VALUES ('00004001-0000-4000-8000-000000000026', 'sherbagh', 'SB-2026-001', 'Vikram & Shalini Patel', 'India', 'Tent 1', '2026-05-10', '2026-05-15', 'omnivore', NULL, 'May visit — enjoyed thali lunch', 'Family safari', 'Kids loved pancakes', NULL, 'checked-out', '+91 98250 66778', '00004101-0000-4000-8000-000000000026', 'vikram & shalini patel|+91 98250 66778', '1|vikram & shalini patel|+91 98250 66778');
INSERT INTO guests (id, camp_id, reg_no, name, nationality, tent, check_in, check_out, food_pref, allergies, diet_notes, experiences, feedback, chef_notes, status, phone, profile_id, profile_key, stay_key) VALUES ('00004001-0000-4000-8000-000000000027', 'sherbagh', 'SB-2026-002', 'George & Margaret Williams', 'United Kingdom', 'Tent 7', '2026-02-20', '2026-02-25', 'omnivore', NULL, 'Senior guests — soft textures preferred', 'Winter birding', NULL, NULL, 'checked-out', '+44 20 7946 0123', '00004101-0000-4000-8000-000000000027', 'george & margaret williams|+44 20 7946 0123', '7|george & margaret williams|+44 20 7946 0123');
INSERT INTO guests (id, camp_id, reg_no, name, nationality, tent, check_in, check_out, food_pref, allergies, diet_notes, experiences, feedback, chef_notes, status, phone, profile_id, profile_key, stay_key) VALUES ('00004001-0000-4000-8000-000000000028', 'sherbagh', 'SB-2025-098', 'Jean-Luc Dubois', 'France', 'Tent 9', '2025-11-22', '2025-11-27', 'omnivore', NULL, 'Wine pairing notes from F&B — coordinate desserts', 'Thanksgiving week', 'Mille feuille outstanding', NULL, 'checked-out', '+33 6 11 22 33 44', '00004101-0000-4000-8000-000000000028', 'jean-luc dubois|+33 6 11 22 33 44', '9|jean-luc dubois|+33 6 11 22 33 44');
INSERT INTO guests (id, camp_id, reg_no, name, nationality, tent, check_in, check_out, food_pref, allergies, diet_notes, experiences, feedback, chef_notes, status, phone, profile_id, profile_key, stay_key) VALUES ('00004001-0000-4000-8000-000000000031', 'serai', 'SR-2026-005', 'Catherine Moore', 'United States', 'Tent 1', '2026-06-08', '2026-06-14', 'omnivore', NULL, 'Enjoys wood-fired mains', 'Desert sundowner 11 Jun', NULL, NULL, 'in-house', '+1 212 555 0142', '00004101-0000-4000-8000-000000000031', 'catherine moore|+1 212 555 0142', '1|catherine moore|+1 212 555 0142');
INSERT INTO guests (id, camp_id, reg_no, name, nationality, tent, check_in, check_out, food_pref, allergies, diet_notes, experiences, feedback, chef_notes, status, phone, profile_id, profile_key, stay_key) VALUES ('00004001-0000-4000-8000-000000000032', 'serai', 'SR-2026-007', 'Oliver & Grace Pemberton', 'Australia', 'Tent 3', '2026-06-10', '2026-06-17', 'omnivore', NULL, 'One child — mild spice only', 'Camel ride 12 Jun', NULL, 'High chair required', 'in-house', '+61 412 345 678', '00004101-0000-4000-8000-000000000032', 'oliver & grace pemberton|+61 412 345 678', '3|oliver & grace pemberton|+61 412 345 678');
INSERT INTO guests (id, camp_id, reg_no, name, nationality, tent, check_in, check_out, food_pref, allergies, diet_notes, experiences, feedback, chef_notes, status, phone, profile_id, profile_key, stay_key) VALUES ('00004001-0000-4000-8000-000000000033', 'serai', 'SR-2026-002', 'Yuki Tanaka', 'Japan', 'Tent 5', '2026-06-12', '2026-06-16', 'pescatarian', NULL, 'Prefers grilled fish and rice', 'Stargazing 13 Jun', NULL, NULL, 'in-house', '+81 90 1234 5678', '00004101-0000-4000-8000-000000000033', 'yuki tanaka|+81 90 1234 5678', '5|yuki tanaka|+81 90 1234 5678');
INSERT INTO guests (id, camp_id, reg_no, name, nationality, tent, check_in, check_out, food_pref, allergies, diet_notes, experiences, feedback, chef_notes, status, phone, profile_id, profile_key, stay_key) VALUES ('00004001-0000-4000-8000-000000000034', 'serai', 'SR-2026-011', 'Isabelle Fontaine', 'France', 'Tent 7', '2026-06-18', '2026-06-22', 'vegetarian', NULL, 'Organic produce preferred', 'Arriving 18 Jun', NULL, NULL, 'expected', '+33 6 98 76 54 32', '00004101-0000-4000-8000-000000000034', 'isabelle fontaine|+33 6 98 76 54 32', '7|isabelle fontaine|+33 6 98 76 54 32');
INSERT INTO guests (id, camp_id, reg_no, name, nationality, tent, check_in, check_out, food_pref, allergies, diet_notes, experiences, feedback, chef_notes, status, phone, profile_id, profile_key, stay_key) VALUES ('00004001-0000-4000-8000-000000000035', 'serai', 'SR-2026-001', 'Catherine Moore', 'United States', 'Tent 2', '2026-03-05', '2026-03-10', 'omnivore', NULL, 'Spring visit — loved wood oven chicken', 'Holi week stay', 'Best meal of the trip', NULL, 'checked-out', '+1 212 555 0142', '00004101-0000-4000-8000-000000000031', 'catherine moore|+1 212 555 0142', '2|catherine moore|+1 212 555 0142');
INSERT INTO guests (id, camp_id, reg_no, name, nationality, tent, check_in, check_out, food_pref, allergies, diet_notes, experiences, feedback, chef_notes, status, phone, profile_id, profile_key, stay_key) VALUES ('00004001-0000-4000-8000-000000000036', 'serai', 'SR-2026-003', 'Hassan Al-Rashid', 'UAE', 'Tent 4', '2026-05-01', '2026-05-06', 'halal', NULL, 'Halal protocol; no alcohol in cooking', 'May long weekend', 'Lamb shank exceptional', NULL, 'checked-out', '+971 50 123 4567', '00004101-0000-4000-8000-000000000036', 'hassan al-rashid|+971 50 123 4567', '4|hassan al-rashid|+971 50 123 4567');
INSERT INTO guests (id, camp_id, reg_no, name, nationality, tent, check_in, check_out, food_pref, allergies, diet_notes, experiences, feedback, chef_notes, status, phone, profile_id, profile_key, stay_key) VALUES ('00004001-0000-4000-8000-000000000037', 'serai', 'SR-2025-067', 'Klaus & Ingrid Schmidt', 'Germany', 'Tent 6', '2025-12-10', '2025-12-16', 'omnivore', NULL, 'Christmas market tour guests', 'Festive dinner 15 Dec', NULL, NULL, 'checked-out', '+49 170 9988776', '00004101-0000-4000-8000-000000000037', 'klaus & ingrid schmidt|+49 170 9988776', '6|klaus & ingrid schmidt|+49 170 9988776');
INSERT INTO guests (id, camp_id, reg_no, name, nationality, tent, check_in, check_out, food_pref, allergies, diet_notes, experiences, feedback, chef_notes, status, phone, profile_id, profile_key, stay_key) VALUES ('00004001-0000-4000-8000-000000000038', 'serai', 'SR-2026-004', 'Amara Okonkwo', 'Nigeria', 'Tent 8', '2026-02-08', '2026-02-12', 'omnivore', 'Peanuts', 'Strict peanut allergy — kitchen alert', 'Valentine long weekend', 'Sticky toffee pudding favourite', NULL, 'checked-out', '+234 803 456 7890', '00004101-0000-4000-8000-000000000038', 'amara okonkwo|+234 803 456 7890', '8|amara okonkwo|+234 803 456 7890');

-- Leave records (aligned with Staff tab demo)

INSERT INTO leave_records (id, staff_id, type, date_from, date_to, note, status, splits) VALUES ('00004201-0000-4000-8000-000000000001', '00002001-0000-4000-8000-000000000001', 'CL', '2026-06-13', '2026-06-15', 'Family visit in Jodhpur', 'approved', NULL);
INSERT INTO leave_records (id, staff_id, type, date_from, date_to, note, status, splits) VALUES ('00004201-0000-4000-8000-000000000002', '00002001-0000-4000-8000-000000000002', 'WO', '2026-06-13', '2026-06-19', 'Summer break — split across WO and CL', 'approved', '[{"type":"WO","days":4},{"type":"CL","days":3}]'::jsonb);
INSERT INTO leave_records (id, staff_id, type, date_from, date_to, note, status, splits) VALUES ('00004201-0000-4000-8000-000000000003', '00002001-0000-4000-8000-000000000004', 'CL', '2026-06-18', '2026-06-22', 'Personal errands', 'approved', NULL);
INSERT INTO leave_records (id, staff_id, type, date_from, date_to, note, status, splits) VALUES ('00004201-0000-4000-8000-000000000004', '00002001-0000-4000-8000-000000000003', 'CL', '2026-06-20', '2026-06-21', 'Awaiting chef approval', 'pending', NULL);
INSERT INTO leave_records (id, staff_id, type, date_from, date_to, note, status, splits) VALUES ('00004201-0000-4000-8000-000000000005', '00002001-0000-4000-8000-000000000006', 'PL', '2026-06-14', '2026-06-16', 'Family wedding', 'approved', NULL);

-- Comp offs

INSERT INTO comp_offs (staff_id, earned, expiry, used, reason) VALUES ('00002001-0000-4000-8000-000000000002', '2026-05-25', '2026-08-25', false, 'Worked Republic Day off-site event');

-- KOT orders: 354 rows (guest-linked where type = Guest)

INSERT INTO kots (camp_id, dish_id, date, qty, type, revenue, tent, guest_id) VALUES ('jawai', '00000101-0000-4000-8000-000000000001', '2026-06-10', 1, 'Guest', 650, 'Tent 3', '00004001-0000-4000-8000-000000000001');
INSERT INTO kots (camp_id, dish_id, date, qty, type, revenue, tent, guest_id) VALUES ('jawai', '00000101-0000-4000-8000-000000000002', '2026-06-10', 2, 'Guest', 3600, 'Tent 3', '00004001-0000-4000-8000-000000000001');
INSERT INTO kots (camp_id, dish_id, date, qty, type, revenue, tent, guest_id) VALUES ('jawai', '00000101-0000-4000-8000-000000000004', '2026-06-10', 2, 'Guest', 1500, 'Tent 3', '00004001-0000-4000-8000-000000000001');
INSERT INTO kots (camp_id, dish_id, date, qty, type, revenue, tent, guest_id) VALUES ('jawai', '00000101-0000-4000-8000-000000000008', '2026-06-11', 1, 'Guest', 1400, 'Tent 3', '00004001-0000-4000-8000-000000000001');
INSERT INTO kots (camp_id, dish_id, date, qty, type, revenue, tent, guest_id) VALUES ('jawai', '00000101-0000-4000-8000-000000000016', '2026-06-11', 2, 'Guest', 1700, 'Tent 3', '00004001-0000-4000-8000-000000000001');
INSERT INTO kots (camp_id, dish_id, date, qty, type, revenue, tent, guest_id) VALUES ('jawai', '00000101-0000-4000-8000-000000000018', '2026-06-11', 2, 'Guest', 3600, 'Tent 3', '00004001-0000-4000-8000-000000000001');
INSERT INTO kots (camp_id, dish_id, date, qty, type, revenue, tent, guest_id) VALUES ('jawai', '00000101-0000-4000-8000-000000000001', '2026-06-12', 1, 'Guest', 650, 'Tent 3', '00004001-0000-4000-8000-000000000001');
INSERT INTO kots (camp_id, dish_id, date, qty, type, revenue, tent, guest_id) VALUES ('jawai', '00000101-0000-4000-8000-000000000002', '2026-06-12', 2, 'Guest', 3600, 'Tent 3', '00004001-0000-4000-8000-000000000001');
INSERT INTO kots (camp_id, dish_id, date, qty, type, revenue, tent, guest_id) VALUES ('jawai', '00000101-0000-4000-8000-000000000004', '2026-06-12', 2, 'Guest', 1500, 'Tent 3', '00004001-0000-4000-8000-000000000001');
INSERT INTO kots (camp_id, dish_id, date, qty, type, revenue, tent, guest_id) VALUES ('jawai', '00000101-0000-4000-8000-000000000008', '2026-06-13', 1, 'Guest', 1400, 'Tent 3', '00004001-0000-4000-8000-000000000001');
INSERT INTO kots (camp_id, dish_id, date, qty, type, revenue, tent, guest_id) VALUES ('jawai', '00000101-0000-4000-8000-000000000016', '2026-06-13', 2, 'Guest', 1700, 'Tent 3', '00004001-0000-4000-8000-000000000001');
INSERT INTO kots (camp_id, dish_id, date, qty, type, revenue, tent, guest_id) VALUES ('jawai', '00000101-0000-4000-8000-000000000018', '2026-06-13', 2, 'Guest', 3600, 'Tent 3', '00004001-0000-4000-8000-000000000001');
INSERT INTO kots (camp_id, dish_id, date, qty, type, revenue, tent, guest_id) VALUES ('jawai', '00000101-0000-4000-8000-000000000001', '2026-06-14', 1, 'Guest', 650, 'Tent 3', '00004001-0000-4000-8000-000000000001');
INSERT INTO kots (camp_id, dish_id, date, qty, type, revenue, tent, guest_id) VALUES ('jawai', '00000101-0000-4000-8000-000000000002', '2026-06-14', 2, 'Guest', 3600, 'Tent 3', '00004001-0000-4000-8000-000000000001');
INSERT INTO kots (camp_id, dish_id, date, qty, type, revenue, tent, guest_id) VALUES ('jawai', '00000101-0000-4000-8000-000000000004', '2026-06-14', 2, 'Guest', 1500, 'Tent 3', '00004001-0000-4000-8000-000000000001');
INSERT INTO kots (camp_id, dish_id, date, qty, type, revenue, tent, guest_id) VALUES ('jawai', '00000101-0000-4000-8000-000000000008', '2026-06-15', 1, 'Guest', 1400, 'Tent 3', '00004001-0000-4000-8000-000000000001');
INSERT INTO kots (camp_id, dish_id, date, qty, type, revenue, tent, guest_id) VALUES ('jawai', '00000101-0000-4000-8000-000000000016', '2026-06-15', 2, 'Guest', 1700, 'Tent 3', '00004001-0000-4000-8000-000000000001');
INSERT INTO kots (camp_id, dish_id, date, qty, type, revenue, tent, guest_id) VALUES ('jawai', '00000101-0000-4000-8000-000000000018', '2026-06-15', 2, 'Guest', 3600, 'Tent 3', '00004001-0000-4000-8000-000000000001');
INSERT INTO kots (camp_id, dish_id, date, qty, type, revenue, tent, guest_id) VALUES ('jawai', '00000101-0000-4000-8000-000000000001', '2026-06-16', 1, 'Guest', 650, 'Tent 3', '00004001-0000-4000-8000-000000000001');
INSERT INTO kots (camp_id, dish_id, date, qty, type, revenue, tent, guest_id) VALUES ('jawai', '00000101-0000-4000-8000-000000000005', '2026-06-10', 1, 'Guest', 600, 'Tent 7', '00004001-0000-4000-8000-000000000002');
INSERT INTO kots (camp_id, dish_id, date, qty, type, revenue, tent, guest_id) VALUES ('jawai', '00000101-0000-4000-8000-000000000006', '2026-06-10', 1, 'Guest', 2200, 'Tent 7', '00004001-0000-4000-8000-000000000002');
INSERT INTO kots (camp_id, dish_id, date, qty, type, revenue, tent, guest_id) VALUES ('jawai', '00000101-0000-4000-8000-000000000023', '2026-06-11', 1, 'Guest', 1800, 'Tent 7', '00004001-0000-4000-8000-000000000002');
INSERT INTO kots (camp_id, dish_id, date, qty, type, revenue, tent, guest_id) VALUES ('jawai', '00000101-0000-4000-8000-000000000024', '2026-06-11', 1, 'Guest', 700, 'Tent 7', '00004001-0000-4000-8000-000000000002');
INSERT INTO kots (camp_id, dish_id, date, qty, type, revenue, tent, guest_id) VALUES ('jawai', '00000101-0000-4000-8000-000000000026', '2026-06-12', 1, 'Guest', 1600, 'Tent 7', '00004001-0000-4000-8000-000000000002');
INSERT INTO kots (camp_id, dish_id, date, qty, type, revenue, tent, guest_id) VALUES ('jawai', '00000101-0000-4000-8000-000000000028', '2026-06-12', 1, 'Guest', 1600, 'Tent 7', '00004001-0000-4000-8000-000000000002');
INSERT INTO kots (camp_id, dish_id, date, qty, type, revenue, tent, guest_id) VALUES ('jawai', '00000101-0000-4000-8000-000000000005', '2026-06-13', 1, 'Guest', 600, 'Tent 7', '00004001-0000-4000-8000-000000000002');
INSERT INTO kots (camp_id, dish_id, date, qty, type, revenue, tent, guest_id) VALUES ('jawai', '00000101-0000-4000-8000-000000000006', '2026-06-13', 1, 'Guest', 2200, 'Tent 7', '00004001-0000-4000-8000-000000000002');
INSERT INTO kots (camp_id, dish_id, date, qty, type, revenue, tent, guest_id) VALUES ('jawai', '00000101-0000-4000-8000-000000000023', '2026-06-14', 1, 'Guest', 1800, 'Tent 7', '00004001-0000-4000-8000-000000000002');
INSERT INTO kots (camp_id, dish_id, date, qty, type, revenue, tent, guest_id) VALUES ('jawai', '00000101-0000-4000-8000-000000000024', '2026-06-14', 1, 'Guest', 700, 'Tent 7', '00004001-0000-4000-8000-000000000002');
INSERT INTO kots (camp_id, dish_id, date, qty, type, revenue, tent, guest_id) VALUES ('jawai', '00000101-0000-4000-8000-000000000026', '2026-06-15', 1, 'Guest', 1600, 'Tent 7', '00004001-0000-4000-8000-000000000002');
INSERT INTO kots (camp_id, dish_id, date, qty, type, revenue, tent, guest_id) VALUES ('jawai', '00000101-0000-4000-8000-000000000028', '2026-06-15', 1, 'Guest', 1600, 'Tent 7', '00004001-0000-4000-8000-000000000002');
INSERT INTO kots (camp_id, dish_id, date, qty, type, revenue, tent, guest_id) VALUES ('jawai', '00000101-0000-4000-8000-000000000005', '2026-06-16', 1, 'Guest', 600, 'Tent 7', '00004001-0000-4000-8000-000000000002');
INSERT INTO kots (camp_id, dish_id, date, qty, type, revenue, tent, guest_id) VALUES ('jawai', '00000101-0000-4000-8000-000000000003', '2026-06-08', 1, 'Guest', 950, 'Tent 12', '00004001-0000-4000-8000-000000000003');
INSERT INTO kots (camp_id, dish_id, date, qty, type, revenue, tent, guest_id) VALUES ('jawai', '00000101-0000-4000-8000-000000000007', '2026-06-08', 2, 'Guest', 3600, 'Tent 12', '00004001-0000-4000-8000-000000000003');
INSERT INTO kots (camp_id, dish_id, date, qty, type, revenue, tent, guest_id) VALUES ('jawai', '00000101-0000-4000-8000-000000000010', '2026-06-08', 2, 'Guest', 2200, 'Tent 12', '00004001-0000-4000-8000-000000000003');
INSERT INTO kots (camp_id, dish_id, date, qty, type, revenue, tent, guest_id) VALUES ('jawai', '00000101-0000-4000-8000-000000000017', '2026-06-09', 1, 'Guest', 900, 'Tent 12', '00004001-0000-4000-8000-000000000003');
INSERT INTO kots (camp_id, dish_id, date, qty, type, revenue, tent, guest_id) VALUES ('jawai', '00000101-0000-4000-8000-000000000020', '2026-06-09', 2, 'Guest', 2000, 'Tent 12', '00004001-0000-4000-8000-000000000003');
INSERT INTO kots (camp_id, dish_id, date, qty, type, revenue, tent, guest_id) VALUES ('jawai', '00000101-0000-4000-8000-000000000003', '2026-06-09', 2, 'Guest', 1900, 'Tent 12', '00004001-0000-4000-8000-000000000003');
INSERT INTO kots (camp_id, dish_id, date, qty, type, revenue, tent, guest_id) VALUES ('jawai', '00000101-0000-4000-8000-000000000007', '2026-06-10', 1, 'Guest', 1800, 'Tent 12', '00004001-0000-4000-8000-000000000003');
INSERT INTO kots (camp_id, dish_id, date, qty, type, revenue, tent, guest_id) VALUES ('jawai', '00000101-0000-4000-8000-000000000010', '2026-06-10', 2, 'Guest', 2200, 'Tent 12', '00004001-0000-4000-8000-000000000003');
INSERT INTO kots (camp_id, dish_id, date, qty, type, revenue, tent, guest_id) VALUES ('jawai', '00000101-0000-4000-8000-000000000017', '2026-06-10', 2, 'Guest', 1800, 'Tent 12', '00004001-0000-4000-8000-000000000003');
INSERT INTO kots (camp_id, dish_id, date, qty, type, revenue, tent, guest_id) VALUES ('jawai', '00000101-0000-4000-8000-000000000020', '2026-06-11', 1, 'Guest', 1000, 'Tent 12', '00004001-0000-4000-8000-000000000003');
INSERT INTO kots (camp_id, dish_id, date, qty, type, revenue, tent, guest_id) VALUES ('jawai', '00000101-0000-4000-8000-000000000003', '2026-06-11', 2, 'Guest', 1900, 'Tent 12', '00004001-0000-4000-8000-000000000003');
INSERT INTO kots (camp_id, dish_id, date, qty, type, revenue, tent, guest_id) VALUES ('jawai', '00000101-0000-4000-8000-000000000007', '2026-06-11', 2, 'Guest', 3600, 'Tent 12', '00004001-0000-4000-8000-000000000003');
INSERT INTO kots (camp_id, dish_id, date, qty, type, revenue, tent, guest_id) VALUES ('jawai', '00000101-0000-4000-8000-000000000010', '2026-06-12', 1, 'Guest', 1100, 'Tent 12', '00004001-0000-4000-8000-000000000003');
INSERT INTO kots (camp_id, dish_id, date, qty, type, revenue, tent, guest_id) VALUES ('jawai', '00000101-0000-4000-8000-000000000017', '2026-06-12', 2, 'Guest', 1800, 'Tent 12', '00004001-0000-4000-8000-000000000003');
INSERT INTO kots (camp_id, dish_id, date, qty, type, revenue, tent, guest_id) VALUES ('jawai', '00000101-0000-4000-8000-000000000020', '2026-06-12', 2, 'Guest', 2000, 'Tent 12', '00004001-0000-4000-8000-000000000003');
INSERT INTO kots (camp_id, dish_id, date, qty, type, revenue, tent, guest_id) VALUES ('jawai', '00000101-0000-4000-8000-000000000003', '2026-06-13', 1, 'Guest', 950, 'Tent 12', '00004001-0000-4000-8000-000000000003');
INSERT INTO kots (camp_id, dish_id, date, qty, type, revenue, tent, guest_id) VALUES ('jawai', '00000101-0000-4000-8000-000000000007', '2026-06-13', 2, 'Guest', 3600, 'Tent 12', '00004001-0000-4000-8000-000000000003');
INSERT INTO kots (camp_id, dish_id, date, qty, type, revenue, tent, guest_id) VALUES ('jawai', '00000101-0000-4000-8000-000000000010', '2026-06-13', 2, 'Guest', 2200, 'Tent 12', '00004001-0000-4000-8000-000000000003');
INSERT INTO kots (camp_id, dish_id, date, qty, type, revenue, tent, guest_id) VALUES ('jawai', '00000101-0000-4000-8000-000000000017', '2026-06-14', 1, 'Guest', 900, 'Tent 12', '00004001-0000-4000-8000-000000000003');
INSERT INTO kots (camp_id, dish_id, date, qty, type, revenue, tent, guest_id) VALUES ('jawai', '00000101-0000-4000-8000-000000000007', '2026-06-11', 1, 'Guest', 1800, 'Tent 5', '00004001-0000-4000-8000-000000000004');
INSERT INTO kots (camp_id, dish_id, date, qty, type, revenue, tent, guest_id) VALUES ('jawai', '00000101-0000-4000-8000-000000000009', '2026-06-11', 1, 'Guest', 1200, 'Tent 5', '00004001-0000-4000-8000-000000000004');
INSERT INTO kots (camp_id, dish_id, date, qty, type, revenue, tent, guest_id) VALUES ('jawai', '00000101-0000-4000-8000-000000000010', '2026-06-12', 1, 'Guest', 1100, 'Tent 5', '00004001-0000-4000-8000-000000000004');
INSERT INTO kots (camp_id, dish_id, date, qty, type, revenue, tent, guest_id) VALUES ('jawai', '00000101-0000-4000-8000-000000000018', '2026-06-12', 1, 'Guest', 1800, 'Tent 5', '00004001-0000-4000-8000-000000000004');
INSERT INTO kots (camp_id, dish_id, date, qty, type, revenue, tent, guest_id) VALUES ('jawai', '00000101-0000-4000-8000-000000000021', '2026-06-13', 1, 'Guest', 1000, 'Tent 5', '00004001-0000-4000-8000-000000000004');
INSERT INTO kots (camp_id, dish_id, date, qty, type, revenue, tent, guest_id) VALUES ('jawai', '00000101-0000-4000-8000-000000000007', '2026-06-13', 1, 'Guest', 1800, 'Tent 5', '00004001-0000-4000-8000-000000000004');
INSERT INTO kots (camp_id, dish_id, date, qty, type, revenue, tent, guest_id) VALUES ('jawai', '00000101-0000-4000-8000-000000000009', '2026-06-14', 1, 'Guest', 1200, 'Tent 5', '00004001-0000-4000-8000-000000000004');
INSERT INTO kots (camp_id, dish_id, date, qty, type, revenue, tent, guest_id) VALUES ('jawai', '00000101-0000-4000-8000-000000000010', '2026-06-14', 1, 'Guest', 1100, 'Tent 5', '00004001-0000-4000-8000-000000000004');
INSERT INTO kots (camp_id, dish_id, date, qty, type, revenue, tent, guest_id) VALUES ('jawai', '00000101-0000-4000-8000-000000000018', '2026-06-15', 1, 'Guest', 1800, 'Tent 5', '00004001-0000-4000-8000-000000000004');
INSERT INTO kots (camp_id, dish_id, date, qty, type, revenue, tent, guest_id) VALUES ('jawai', '00000101-0000-4000-8000-000000000021', '2026-06-15', 1, 'Guest', 1000, 'Tent 5', '00004001-0000-4000-8000-000000000004');
INSERT INTO kots (camp_id, dish_id, date, qty, type, revenue, tent, guest_id) VALUES ('jawai', '00000101-0000-4000-8000-000000000007', '2026-06-16', 1, 'Guest', 1800, 'Tent 5', '00004001-0000-4000-8000-000000000004');
INSERT INTO kots (camp_id, dish_id, date, qty, type, revenue, tent, guest_id) VALUES ('jawai', '00000101-0000-4000-8000-000000000009', '2026-06-16', 1, 'Guest', 1200, 'Tent 5', '00004001-0000-4000-8000-000000000004');
INSERT INTO kots (camp_id, dish_id, date, qty, type, revenue, tent, guest_id) VALUES ('jawai', '00000101-0000-4000-8000-000000000010', '2026-06-17', 1, 'Guest', 1100, 'Tent 5', '00004001-0000-4000-8000-000000000004');
INSERT INTO kots (camp_id, dish_id, date, qty, type, revenue, tent, guest_id) VALUES ('jawai', '00000101-0000-4000-8000-000000000001', '2026-06-01', 1, 'Guest', 650, 'Tent 2', '00004001-0000-4000-8000-000000000007');
INSERT INTO kots (camp_id, dish_id, date, qty, type, revenue, tent, guest_id) VALUES ('jawai', '00000101-0000-4000-8000-000000000002', '2026-06-01', 2, 'Guest', 3600, 'Tent 2', '00004001-0000-4000-8000-000000000007');
INSERT INTO kots (camp_id, dish_id, date, qty, type, revenue, tent, guest_id) VALUES ('jawai', '00000101-0000-4000-8000-000000000005', '2026-06-02', 1, 'Guest', 600, 'Tent 2', '00004001-0000-4000-8000-000000000007');
INSERT INTO kots (camp_id, dish_id, date, qty, type, revenue, tent, guest_id) VALUES ('jawai', '00000101-0000-4000-8000-000000000006', '2026-06-02', 2, 'Guest', 4400, 'Tent 2', '00004001-0000-4000-8000-000000000007');
INSERT INTO kots (camp_id, dish_id, date, qty, type, revenue, tent, guest_id) VALUES ('jawai', '00000101-0000-4000-8000-000000000007', '2026-06-03', 1, 'Guest', 1800, 'Tent 2', '00004001-0000-4000-8000-000000000007');
INSERT INTO kots (camp_id, dish_id, date, qty, type, revenue, tent, guest_id) VALUES ('jawai', '00000101-0000-4000-8000-000000000010', '2026-06-03', 2, 'Guest', 2200, 'Tent 2', '00004001-0000-4000-8000-000000000007');
INSERT INTO kots (camp_id, dish_id, date, qty, type, revenue, tent, guest_id) VALUES ('jawai', '00000101-0000-4000-8000-000000000016', '2026-06-04', 1, 'Guest', 850, 'Tent 2', '00004001-0000-4000-8000-000000000007');
INSERT INTO kots (camp_id, dish_id, date, qty, type, revenue, tent, guest_id) VALUES ('jawai', '00000101-0000-4000-8000-000000000018', '2026-06-04', 2, 'Guest', 3600, 'Tent 2', '00004001-0000-4000-8000-000000000007');
INSERT INTO kots (camp_id, dish_id, date, qty, type, revenue, tent, guest_id) VALUES ('jawai', '00000101-0000-4000-8000-000000000023', '2026-06-05', 1, 'Guest', 1800, 'Tent 2', '00004001-0000-4000-8000-000000000007');
INSERT INTO kots (camp_id, dish_id, date, qty, type, revenue, tent, guest_id) VALUES ('jawai', '00000101-0000-4000-8000-000000000026', '2026-06-05', 2, 'Guest', 3200, 'Tent 2', '00004001-0000-4000-8000-000000000007');
INSERT INTO kots (camp_id, dish_id, date, qty, type, revenue, tent, guest_id) VALUES ('jawai', '00000101-0000-4000-8000-000000000001', '2026-06-06', 1, 'Guest', 650, 'Tent 2', '00004001-0000-4000-8000-000000000007');
INSERT INTO kots (camp_id, dish_id, date, qty, type, revenue, tent, guest_id) VALUES ('jawai', '00000101-0000-4000-8000-000000000002', '2026-06-06', 2, 'Guest', 3600, 'Tent 2', '00004001-0000-4000-8000-000000000007');
INSERT INTO kots (camp_id, dish_id, date, qty, type, revenue, tent, guest_id) VALUES ('jawai', '00000101-0000-4000-8000-000000000001', '2026-03-12', 1, 'Guest', 650, 'Tent 6', '00004001-0000-4000-8000-000000000008');
INSERT INTO kots (camp_id, dish_id, date, qty, type, revenue, tent, guest_id) VALUES ('jawai', '00000101-0000-4000-8000-000000000002', '2026-03-12', 1, 'Guest', 1800, 'Tent 6', '00004001-0000-4000-8000-000000000008');
INSERT INTO kots (camp_id, dish_id, date, qty, type, revenue, tent, guest_id) VALUES ('jawai', '00000101-0000-4000-8000-000000000005', '2026-03-13', 1, 'Guest', 600, 'Tent 6', '00004001-0000-4000-8000-000000000008');
INSERT INTO kots (camp_id, dish_id, date, qty, type, revenue, tent, guest_id) VALUES ('jawai', '00000101-0000-4000-8000-000000000006', '2026-03-13', 1, 'Guest', 2200, 'Tent 6', '00004001-0000-4000-8000-000000000008');
INSERT INTO kots (camp_id, dish_id, date, qty, type, revenue, tent, guest_id) VALUES ('jawai', '00000101-0000-4000-8000-000000000007', '2026-03-14', 1, 'Guest', 1800, 'Tent 6', '00004001-0000-4000-8000-000000000008');
INSERT INTO kots (camp_id, dish_id, date, qty, type, revenue, tent, guest_id) VALUES ('jawai', '00000101-0000-4000-8000-000000000010', '2026-03-14', 1, 'Guest', 1100, 'Tent 6', '00004001-0000-4000-8000-000000000008');
INSERT INTO kots (camp_id, dish_id, date, qty, type, revenue, tent, guest_id) VALUES ('jawai', '00000101-0000-4000-8000-000000000016', '2026-03-15', 1, 'Guest', 850, 'Tent 6', '00004001-0000-4000-8000-000000000008');
INSERT INTO kots (camp_id, dish_id, date, qty, type, revenue, tent, guest_id) VALUES ('jawai', '00000101-0000-4000-8000-000000000018', '2026-03-15', 1, 'Guest', 1800, 'Tent 6', '00004001-0000-4000-8000-000000000008');
INSERT INTO kots (camp_id, dish_id, date, qty, type, revenue, tent, guest_id) VALUES ('jawai', '00000101-0000-4000-8000-000000000023', '2026-03-16', 1, 'Guest', 1800, 'Tent 6', '00004001-0000-4000-8000-000000000008');
INSERT INTO kots (camp_id, dish_id, date, qty, type, revenue, tent, guest_id) VALUES ('jawai', '00000101-0000-4000-8000-000000000026', '2026-03-16', 1, 'Guest', 1600, 'Tent 6', '00004001-0000-4000-8000-000000000008');
INSERT INTO kots (camp_id, dish_id, date, qty, type, revenue, tent, guest_id) VALUES ('jawai', '00000101-0000-4000-8000-000000000001', '2026-03-17', 1, 'Guest', 650, 'Tent 6', '00004001-0000-4000-8000-000000000008');
INSERT INTO kots (camp_id, dish_id, date, qty, type, revenue, tent, guest_id) VALUES ('jawai', '00000101-0000-4000-8000-000000000002', '2026-03-17', 1, 'Guest', 1800, 'Tent 6', '00004001-0000-4000-8000-000000000008');
INSERT INTO kots (camp_id, dish_id, date, qty, type, revenue, tent, guest_id) VALUES ('jawai', '00000101-0000-4000-8000-000000000005', '2026-03-18', 1, 'Guest', 600, 'Tent 6', '00004001-0000-4000-8000-000000000008');
INSERT INTO kots (camp_id, dish_id, date, qty, type, revenue, tent, guest_id) VALUES ('jawai', '00000101-0000-4000-8000-000000000006', '2026-03-18', 1, 'Guest', 2200, 'Tent 6', '00004001-0000-4000-8000-000000000008');
INSERT INTO kots (camp_id, dish_id, date, qty, type, revenue, tent, guest_id) VALUES ('jawai', '00000101-0000-4000-8000-000000000001', '2025-02-14', 1, 'Guest', 650, 'Tent 8', '00004001-0000-4000-8000-000000000009');
INSERT INTO kots (camp_id, dish_id, date, qty, type, revenue, tent, guest_id) VALUES ('jawai', '00000101-0000-4000-8000-000000000002', '2025-02-14', 2, 'Guest', 3600, 'Tent 8', '00004001-0000-4000-8000-000000000009');
INSERT INTO kots (camp_id, dish_id, date, qty, type, revenue, tent, guest_id) VALUES ('jawai', '00000101-0000-4000-8000-000000000005', '2025-02-15', 1, 'Guest', 600, 'Tent 8', '00004001-0000-4000-8000-000000000009');
INSERT INTO kots (camp_id, dish_id, date, qty, type, revenue, tent, guest_id) VALUES ('jawai', '00000101-0000-4000-8000-000000000006', '2025-02-15', 2, 'Guest', 4400, 'Tent 8', '00004001-0000-4000-8000-000000000009');
INSERT INTO kots (camp_id, dish_id, date, qty, type, revenue, tent, guest_id) VALUES ('jawai', '00000101-0000-4000-8000-000000000007', '2025-02-16', 1, 'Guest', 1800, 'Tent 8', '00004001-0000-4000-8000-000000000009');
INSERT INTO kots (camp_id, dish_id, date, qty, type, revenue, tent, guest_id) VALUES ('jawai', '00000101-0000-4000-8000-000000000010', '2025-02-16', 2, 'Guest', 2200, 'Tent 8', '00004001-0000-4000-8000-000000000009');
INSERT INTO kots (camp_id, dish_id, date, qty, type, revenue, tent, guest_id) VALUES ('jawai', '00000101-0000-4000-8000-000000000016', '2025-02-17', 1, 'Guest', 850, 'Tent 8', '00004001-0000-4000-8000-000000000009');
INSERT INTO kots (camp_id, dish_id, date, qty, type, revenue, tent, guest_id) VALUES ('jawai', '00000101-0000-4000-8000-000000000018', '2025-02-17', 2, 'Guest', 3600, 'Tent 8', '00004001-0000-4000-8000-000000000009');
INSERT INTO kots (camp_id, dish_id, date, qty, type, revenue, tent, guest_id) VALUES ('jawai', '00000101-0000-4000-8000-000000000023', '2025-02-18', 1, 'Guest', 1800, 'Tent 8', '00004001-0000-4000-8000-000000000009');
INSERT INTO kots (camp_id, dish_id, date, qty, type, revenue, tent, guest_id) VALUES ('jawai', '00000101-0000-4000-8000-000000000026', '2025-02-18', 2, 'Guest', 3200, 'Tent 8', '00004001-0000-4000-8000-000000000009');
INSERT INTO kots (camp_id, dish_id, date, qty, type, revenue, tent, guest_id) VALUES ('jawai', '00000101-0000-4000-8000-000000000001', '2025-12-20', 1, 'Guest', 650, 'Tent 1', '00004001-0000-4000-8000-000000000010');
INSERT INTO kots (camp_id, dish_id, date, qty, type, revenue, tent, guest_id) VALUES ('jawai', '00000101-0000-4000-8000-000000000002', '2025-12-20', 1, 'Guest', 1800, 'Tent 1', '00004001-0000-4000-8000-000000000010');
INSERT INTO kots (camp_id, dish_id, date, qty, type, revenue, tent, guest_id) VALUES ('jawai', '00000101-0000-4000-8000-000000000005', '2025-12-21', 1, 'Guest', 600, 'Tent 1', '00004001-0000-4000-8000-000000000010');
INSERT INTO kots (camp_id, dish_id, date, qty, type, revenue, tent, guest_id) VALUES ('jawai', '00000101-0000-4000-8000-000000000006', '2025-12-21', 1, 'Guest', 2200, 'Tent 1', '00004001-0000-4000-8000-000000000010');
INSERT INTO kots (camp_id, dish_id, date, qty, type, revenue, tent, guest_id) VALUES ('jawai', '00000101-0000-4000-8000-000000000007', '2025-12-22', 1, 'Guest', 1800, 'Tent 1', '00004001-0000-4000-8000-000000000010');
INSERT INTO kots (camp_id, dish_id, date, qty, type, revenue, tent, guest_id) VALUES ('jawai', '00000101-0000-4000-8000-000000000010', '2025-12-22', 1, 'Guest', 1100, 'Tent 1', '00004001-0000-4000-8000-000000000010');
INSERT INTO kots (camp_id, dish_id, date, qty, type, revenue, tent, guest_id) VALUES ('jawai', '00000101-0000-4000-8000-000000000016', '2025-12-23', 1, 'Guest', 850, 'Tent 1', '00004001-0000-4000-8000-000000000010');
INSERT INTO kots (camp_id, dish_id, date, qty, type, revenue, tent, guest_id) VALUES ('jawai', '00000101-0000-4000-8000-000000000018', '2025-12-23', 1, 'Guest', 1800, 'Tent 1', '00004001-0000-4000-8000-000000000010');
INSERT INTO kots (camp_id, dish_id, date, qty, type, revenue, tent, guest_id) VALUES ('jawai', '00000101-0000-4000-8000-000000000023', '2025-12-24', 1, 'Guest', 1800, 'Tent 1', '00004001-0000-4000-8000-000000000010');
INSERT INTO kots (camp_id, dish_id, date, qty, type, revenue, tent, guest_id) VALUES ('jawai', '00000101-0000-4000-8000-000000000026', '2025-12-24', 1, 'Guest', 1600, 'Tent 1', '00004001-0000-4000-8000-000000000010');
INSERT INTO kots (camp_id, dish_id, date, qty, type, revenue, tent, guest_id) VALUES ('jawai', '00000101-0000-4000-8000-000000000001', '2025-12-25', 1, 'Guest', 650, 'Tent 1', '00004001-0000-4000-8000-000000000010');
INSERT INTO kots (camp_id, dish_id, date, qty, type, revenue, tent, guest_id) VALUES ('jawai', '00000101-0000-4000-8000-000000000002', '2025-12-25', 1, 'Guest', 1800, 'Tent 1', '00004001-0000-4000-8000-000000000010');
INSERT INTO kots (camp_id, dish_id, date, qty, type, revenue, tent, guest_id) VALUES ('jawai', '00000101-0000-4000-8000-000000000005', '2025-12-26', 1, 'Guest', 600, 'Tent 1', '00004001-0000-4000-8000-000000000010');
INSERT INTO kots (camp_id, dish_id, date, qty, type, revenue, tent, guest_id) VALUES ('jawai', '00000101-0000-4000-8000-000000000006', '2025-12-26', 1, 'Guest', 2200, 'Tent 1', '00004001-0000-4000-8000-000000000010');
INSERT INTO kots (camp_id, dish_id, date, qty, type, revenue, tent, guest_id) VALUES ('jawai', '00000101-0000-4000-8000-000000000001', '2025-10-05', 1, 'Guest', 650, 'Tent 10', '00004001-0000-4000-8000-000000000011');
INSERT INTO kots (camp_id, dish_id, date, qty, type, revenue, tent, guest_id) VALUES ('jawai', '00000101-0000-4000-8000-000000000002', '2025-10-05', 2, 'Guest', 3600, 'Tent 10', '00004001-0000-4000-8000-000000000011');
INSERT INTO kots (camp_id, dish_id, date, qty, type, revenue, tent, guest_id) VALUES ('jawai', '00000101-0000-4000-8000-000000000005', '2025-10-06', 1, 'Guest', 600, 'Tent 10', '00004001-0000-4000-8000-000000000011');
INSERT INTO kots (camp_id, dish_id, date, qty, type, revenue, tent, guest_id) VALUES ('jawai', '00000101-0000-4000-8000-000000000006', '2025-10-06', 2, 'Guest', 4400, 'Tent 10', '00004001-0000-4000-8000-000000000011');
INSERT INTO kots (camp_id, dish_id, date, qty, type, revenue, tent, guest_id) VALUES ('jawai', '00000101-0000-4000-8000-000000000007', '2025-10-07', 1, 'Guest', 1800, 'Tent 10', '00004001-0000-4000-8000-000000000011');
INSERT INTO kots (camp_id, dish_id, date, qty, type, revenue, tent, guest_id) VALUES ('jawai', '00000101-0000-4000-8000-000000000010', '2025-10-07', 2, 'Guest', 2200, 'Tent 10', '00004001-0000-4000-8000-000000000011');
INSERT INTO kots (camp_id, dish_id, date, qty, type, revenue, tent, guest_id) VALUES ('jawai', '00000101-0000-4000-8000-000000000016', '2025-10-08', 1, 'Guest', 850, 'Tent 10', '00004001-0000-4000-8000-000000000011');
INSERT INTO kots (camp_id, dish_id, date, qty, type, revenue, tent, guest_id) VALUES ('jawai', '00000101-0000-4000-8000-000000000018', '2025-10-08', 2, 'Guest', 3600, 'Tent 10', '00004001-0000-4000-8000-000000000011');
INSERT INTO kots (camp_id, dish_id, date, qty, type, revenue, tent, guest_id) VALUES ('jawai', '00000101-0000-4000-8000-000000000023', '2025-10-09', 1, 'Guest', 1800, 'Tent 10', '00004001-0000-4000-8000-000000000011');
INSERT INTO kots (camp_id, dish_id, date, qty, type, revenue, tent, guest_id) VALUES ('jawai', '00000101-0000-4000-8000-000000000026', '2025-10-09', 2, 'Guest', 3200, 'Tent 10', '00004001-0000-4000-8000-000000000011');
INSERT INTO kots (camp_id, dish_id, date, qty, type, revenue, tent, guest_id) VALUES ('jawai', '00000101-0000-4000-8000-000000000001', '2025-11-10', 1, 'Guest', 650, 'Tent 4', '00004001-0000-4000-8000-000000000012');
INSERT INTO kots (camp_id, dish_id, date, qty, type, revenue, tent, guest_id) VALUES ('jawai', '00000101-0000-4000-8000-000000000002', '2025-11-10', 1, 'Guest', 1800, 'Tent 4', '00004001-0000-4000-8000-000000000012');
INSERT INTO kots (camp_id, dish_id, date, qty, type, revenue, tent, guest_id) VALUES ('jawai', '00000101-0000-4000-8000-000000000005', '2025-11-11', 1, 'Guest', 600, 'Tent 4', '00004001-0000-4000-8000-000000000012');
INSERT INTO kots (camp_id, dish_id, date, qty, type, revenue, tent, guest_id) VALUES ('jawai', '00000101-0000-4000-8000-000000000006', '2025-11-11', 1, 'Guest', 2200, 'Tent 4', '00004001-0000-4000-8000-000000000012');
INSERT INTO kots (camp_id, dish_id, date, qty, type, revenue, tent, guest_id) VALUES ('jawai', '00000101-0000-4000-8000-000000000007', '2025-11-12', 1, 'Guest', 1800, 'Tent 4', '00004001-0000-4000-8000-000000000012');
INSERT INTO kots (camp_id, dish_id, date, qty, type, revenue, tent, guest_id) VALUES ('jawai', '00000101-0000-4000-8000-000000000010', '2025-11-12', 1, 'Guest', 1100, 'Tent 4', '00004001-0000-4000-8000-000000000012');
INSERT INTO kots (camp_id, dish_id, date, qty, type, revenue, tent, guest_id) VALUES ('jawai', '00000101-0000-4000-8000-000000000016', '2025-11-13', 1, 'Guest', 850, 'Tent 4', '00004001-0000-4000-8000-000000000012');
INSERT INTO kots (camp_id, dish_id, date, qty, type, revenue, tent, guest_id) VALUES ('jawai', '00000101-0000-4000-8000-000000000018', '2025-11-13', 1, 'Guest', 1800, 'Tent 4', '00004001-0000-4000-8000-000000000012');
INSERT INTO kots (camp_id, dish_id, date, qty, type, revenue, tent, guest_id) VALUES ('jawai', '00000101-0000-4000-8000-000000000023', '2025-11-14', 1, 'Guest', 1800, 'Tent 4', '00004001-0000-4000-8000-000000000012');
INSERT INTO kots (camp_id, dish_id, date, qty, type, revenue, tent, guest_id) VALUES ('jawai', '00000101-0000-4000-8000-000000000026', '2025-11-14', 1, 'Guest', 1600, 'Tent 4', '00004001-0000-4000-8000-000000000012');
INSERT INTO kots (camp_id, dish_id, date, qty, type, revenue, tent, guest_id) VALUES ('jawai', '00000101-0000-4000-8000-000000000001', '2026-01-08', 1, 'Guest', 650, 'Tent 4', '00004001-0000-4000-8000-000000000013');
INSERT INTO kots (camp_id, dish_id, date, qty, type, revenue, tent, guest_id) VALUES ('jawai', '00000101-0000-4000-8000-000000000002', '2026-01-08', 2, 'Guest', 3600, 'Tent 4', '00004001-0000-4000-8000-000000000013');
INSERT INTO kots (camp_id, dish_id, date, qty, type, revenue, tent, guest_id) VALUES ('jawai', '00000101-0000-4000-8000-000000000005', '2026-01-09', 1, 'Guest', 600, 'Tent 4', '00004001-0000-4000-8000-000000000013');
INSERT INTO kots (camp_id, dish_id, date, qty, type, revenue, tent, guest_id) VALUES ('jawai', '00000101-0000-4000-8000-000000000006', '2026-01-09', 2, 'Guest', 4400, 'Tent 4', '00004001-0000-4000-8000-000000000013');
INSERT INTO kots (camp_id, dish_id, date, qty, type, revenue, tent, guest_id) VALUES ('jawai', '00000101-0000-4000-8000-000000000007', '2026-01-10', 1, 'Guest', 1800, 'Tent 4', '00004001-0000-4000-8000-000000000013');
INSERT INTO kots (camp_id, dish_id, date, qty, type, revenue, tent, guest_id) VALUES ('jawai', '00000101-0000-4000-8000-000000000010', '2026-01-10', 2, 'Guest', 2200, 'Tent 4', '00004001-0000-4000-8000-000000000013');
INSERT INTO kots (camp_id, dish_id, date, qty, type, revenue, tent, guest_id) VALUES ('jawai', '00000101-0000-4000-8000-000000000016', '2026-01-11', 1, 'Guest', 850, 'Tent 4', '00004001-0000-4000-8000-000000000013');
INSERT INTO kots (camp_id, dish_id, date, qty, type, revenue, tent, guest_id) VALUES ('jawai', '00000101-0000-4000-8000-000000000018', '2026-01-11', 2, 'Guest', 3600, 'Tent 4', '00004001-0000-4000-8000-000000000013');
INSERT INTO kots (camp_id, dish_id, date, qty, type, revenue, tent, guest_id) VALUES ('jawai', '00000101-0000-4000-8000-000000000023', '2026-01-12', 1, 'Guest', 1800, 'Tent 4', '00004001-0000-4000-8000-000000000013');
INSERT INTO kots (camp_id, dish_id, date, qty, type, revenue, tent, guest_id) VALUES ('jawai', '00000101-0000-4000-8000-000000000026', '2026-01-12', 2, 'Guest', 3200, 'Tent 4', '00004001-0000-4000-8000-000000000013');
INSERT INTO kots (camp_id, dish_id, date, qty, type, revenue, tent, guest_id) VALUES ('jawai', '00000101-0000-4000-8000-000000000001', '2026-04-02', 1, 'Guest', 650, 'Tent 9', '00004001-0000-4000-8000-000000000014');
INSERT INTO kots (camp_id, dish_id, date, qty, type, revenue, tent, guest_id) VALUES ('jawai', '00000101-0000-4000-8000-000000000002', '2026-04-02', 1, 'Guest', 1800, 'Tent 9', '00004001-0000-4000-8000-000000000014');
INSERT INTO kots (camp_id, dish_id, date, qty, type, revenue, tent, guest_id) VALUES ('jawai', '00000101-0000-4000-8000-000000000005', '2026-04-03', 1, 'Guest', 600, 'Tent 9', '00004001-0000-4000-8000-000000000014');
INSERT INTO kots (camp_id, dish_id, date, qty, type, revenue, tent, guest_id) VALUES ('jawai', '00000101-0000-4000-8000-000000000006', '2026-04-03', 1, 'Guest', 2200, 'Tent 9', '00004001-0000-4000-8000-000000000014');
INSERT INTO kots (camp_id, dish_id, date, qty, type, revenue, tent, guest_id) VALUES ('jawai', '00000101-0000-4000-8000-000000000007', '2026-04-04', 1, 'Guest', 1800, 'Tent 9', '00004001-0000-4000-8000-000000000014');
INSERT INTO kots (camp_id, dish_id, date, qty, type, revenue, tent, guest_id) VALUES ('jawai', '00000101-0000-4000-8000-000000000010', '2026-04-04', 1, 'Guest', 1100, 'Tent 9', '00004001-0000-4000-8000-000000000014');
INSERT INTO kots (camp_id, dish_id, date, qty, type, revenue, tent, guest_id) VALUES ('jawai', '00000101-0000-4000-8000-000000000016', '2026-04-05', 1, 'Guest', 850, 'Tent 9', '00004001-0000-4000-8000-000000000014');
INSERT INTO kots (camp_id, dish_id, date, qty, type, revenue, tent, guest_id) VALUES ('jawai', '00000101-0000-4000-8000-000000000018', '2026-04-05', 1, 'Guest', 1800, 'Tent 9', '00004001-0000-4000-8000-000000000014');
INSERT INTO kots (camp_id, dish_id, date, qty, type, revenue, tent, guest_id) VALUES ('jawai', '00000101-0000-4000-8000-000000000023', '2026-04-06', 1, 'Guest', 1800, 'Tent 9', '00004001-0000-4000-8000-000000000014');
INSERT INTO kots (camp_id, dish_id, date, qty, type, revenue, tent, guest_id) VALUES ('jawai', '00000101-0000-4000-8000-000000000026', '2026-04-06', 1, 'Guest', 1600, 'Tent 9', '00004001-0000-4000-8000-000000000014');
INSERT INTO kots (camp_id, dish_id, date, qty, type, revenue, tent, guest_id) VALUES ('jawai', '00000101-0000-4000-8000-000000000001', '2026-04-07', 1, 'Guest', 650, 'Tent 9', '00004001-0000-4000-8000-000000000014');
INSERT INTO kots (camp_id, dish_id, date, qty, type, revenue, tent, guest_id) VALUES ('jawai', '00000101-0000-4000-8000-000000000002', '2026-04-07', 1, 'Guest', 1800, 'Tent 9', '00004001-0000-4000-8000-000000000014');
INSERT INTO kots (camp_id, dish_id, date, qty, type, revenue, tent, guest_id) VALUES ('sherbagh', '00000201-0000-4000-8000-000000000101', '2026-06-09', 1, 'Guest', 600, 'Tent 2', '00004001-0000-4000-8000-000000000021');
INSERT INTO kots (camp_id, dish_id, date, qty, type, revenue, tent, guest_id) VALUES ('sherbagh', '00000201-0000-4000-8000-000000000103', '2026-06-09', 2, 'Guest', 1400, 'Tent 2', '00004001-0000-4000-8000-000000000021');
INSERT INTO kots (camp_id, dish_id, date, qty, type, revenue, tent, guest_id) VALUES ('sherbagh', '00000201-0000-4000-8000-000000000106', '2026-06-09', 2, 'Guest', 1300, 'Tent 2', '00004001-0000-4000-8000-000000000021');
INSERT INTO kots (camp_id, dish_id, date, qty, type, revenue, tent, guest_id) VALUES ('sherbagh', '00000201-0000-4000-8000-000000000110', '2026-06-10', 1, 'Guest', 2200, 'Tent 2', '00004001-0000-4000-8000-000000000021');
INSERT INTO kots (camp_id, dish_id, date, qty, type, revenue, tent, guest_id) VALUES ('sherbagh', '00000201-0000-4000-8000-000000000117', '2026-06-10', 2, 'Guest', 2200, 'Tent 2', '00004001-0000-4000-8000-000000000021');
INSERT INTO kots (camp_id, dish_id, date, qty, type, revenue, tent, guest_id) VALUES ('sherbagh', '00000201-0000-4000-8000-000000000120', '2026-06-10', 2, 'Guest', 2800, 'Tent 2', '00004001-0000-4000-8000-000000000021');
INSERT INTO kots (camp_id, dish_id, date, qty, type, revenue, tent, guest_id) VALUES ('sherbagh', '00000201-0000-4000-8000-000000000122', '2026-06-11', 1, 'Guest', 1100, 'Tent 2', '00004001-0000-4000-8000-000000000021');
INSERT INTO kots (camp_id, dish_id, date, qty, type, revenue, tent, guest_id) VALUES ('sherbagh', '00000201-0000-4000-8000-000000000125', '2026-06-11', 2, 'Guest', 1600, 'Tent 2', '00004001-0000-4000-8000-000000000021');
INSERT INTO kots (camp_id, dish_id, date, qty, type, revenue, tent, guest_id) VALUES ('sherbagh', '00000201-0000-4000-8000-000000000132', '2026-06-11', 2, 'Guest', 2800, 'Tent 2', '00004001-0000-4000-8000-000000000021');
INSERT INTO kots (camp_id, dish_id, date, qty, type, revenue, tent, guest_id) VALUES ('sherbagh', '00000201-0000-4000-8000-000000000134', '2026-06-12', 1, 'Guest', 2400, 'Tent 2', '00004001-0000-4000-8000-000000000021');
INSERT INTO kots (camp_id, dish_id, date, qty, type, revenue, tent, guest_id) VALUES ('sherbagh', '00000201-0000-4000-8000-000000000101', '2026-06-12', 2, 'Guest', 1200, 'Tent 2', '00004001-0000-4000-8000-000000000021');
INSERT INTO kots (camp_id, dish_id, date, qty, type, revenue, tent, guest_id) VALUES ('sherbagh', '00000201-0000-4000-8000-000000000103', '2026-06-12', 2, 'Guest', 1400, 'Tent 2', '00004001-0000-4000-8000-000000000021');
INSERT INTO kots (camp_id, dish_id, date, qty, type, revenue, tent, guest_id) VALUES ('sherbagh', '00000201-0000-4000-8000-000000000106', '2026-06-13', 1, 'Guest', 650, 'Tent 2', '00004001-0000-4000-8000-000000000021');
INSERT INTO kots (camp_id, dish_id, date, qty, type, revenue, tent, guest_id) VALUES ('sherbagh', '00000201-0000-4000-8000-000000000110', '2026-06-13', 2, 'Guest', 4400, 'Tent 2', '00004001-0000-4000-8000-000000000021');
INSERT INTO kots (camp_id, dish_id, date, qty, type, revenue, tent, guest_id) VALUES ('sherbagh', '00000201-0000-4000-8000-000000000117', '2026-06-13', 2, 'Guest', 2200, 'Tent 2', '00004001-0000-4000-8000-000000000021');
INSERT INTO kots (camp_id, dish_id, date, qty, type, revenue, tent, guest_id) VALUES ('sherbagh', '00000201-0000-4000-8000-000000000120', '2026-06-14', 1, 'Guest', 1400, 'Tent 2', '00004001-0000-4000-8000-000000000021');
INSERT INTO kots (camp_id, dish_id, date, qty, type, revenue, tent, guest_id) VALUES ('sherbagh', '00000201-0000-4000-8000-000000000122', '2026-06-14', 2, 'Guest', 2200, 'Tent 2', '00004001-0000-4000-8000-000000000021');
INSERT INTO kots (camp_id, dish_id, date, qty, type, revenue, tent, guest_id) VALUES ('sherbagh', '00000201-0000-4000-8000-000000000125', '2026-06-14', 2, 'Guest', 1600, 'Tent 2', '00004001-0000-4000-8000-000000000021');
INSERT INTO kots (camp_id, dish_id, date, qty, type, revenue, tent, guest_id) VALUES ('sherbagh', '00000201-0000-4000-8000-000000000132', '2026-06-15', 1, 'Guest', 1400, 'Tent 2', '00004001-0000-4000-8000-000000000021');
INSERT INTO kots (camp_id, dish_id, date, qty, type, revenue, tent, guest_id) VALUES ('sherbagh', '00000201-0000-4000-8000-000000000106', '2026-06-11', 1, 'Guest', 650, 'Tent 6', '00004001-0000-4000-8000-000000000022');
INSERT INTO kots (camp_id, dish_id, date, qty, type, revenue, tent, guest_id) VALUES ('sherbagh', '00000201-0000-4000-8000-000000000114', '2026-06-11', 1, 'Guest', 1000, 'Tent 6', '00004001-0000-4000-8000-000000000022');
INSERT INTO kots (camp_id, dish_id, date, qty, type, revenue, tent, guest_id) VALUES ('sherbagh', '00000201-0000-4000-8000-000000000134', '2026-06-12', 1, 'Guest', 2400, 'Tent 6', '00004001-0000-4000-8000-000000000022');
INSERT INTO kots (camp_id, dish_id, date, qty, type, revenue, tent, guest_id) VALUES ('sherbagh', '00000201-0000-4000-8000-000000000135', '2026-06-12', 1, 'Guest', 1000, 'Tent 6', '00004001-0000-4000-8000-000000000022');
INSERT INTO kots (camp_id, dish_id, date, qty, type, revenue, tent, guest_id) VALUES ('sherbagh', '00000201-0000-4000-8000-000000000106', '2026-06-13', 1, 'Guest', 650, 'Tent 6', '00004001-0000-4000-8000-000000000022');
INSERT INTO kots (camp_id, dish_id, date, qty, type, revenue, tent, guest_id) VALUES ('sherbagh', '00000201-0000-4000-8000-000000000114', '2026-06-13', 1, 'Guest', 1000, 'Tent 6', '00004001-0000-4000-8000-000000000022');
INSERT INTO kots (camp_id, dish_id, date, qty, type, revenue, tent, guest_id) VALUES ('sherbagh', '00000201-0000-4000-8000-000000000134', '2026-06-14', 1, 'Guest', 2400, 'Tent 6', '00004001-0000-4000-8000-000000000022');
INSERT INTO kots (camp_id, dish_id, date, qty, type, revenue, tent, guest_id) VALUES ('sherbagh', '00000201-0000-4000-8000-000000000135', '2026-06-14', 1, 'Guest', 1000, 'Tent 6', '00004001-0000-4000-8000-000000000022');
INSERT INTO kots (camp_id, dish_id, date, qty, type, revenue, tent, guest_id) VALUES ('sherbagh', '00000201-0000-4000-8000-000000000106', '2026-06-15', 1, 'Guest', 650, 'Tent 6', '00004001-0000-4000-8000-000000000022');
INSERT INTO kots (camp_id, dish_id, date, qty, type, revenue, tent, guest_id) VALUES ('sherbagh', '00000201-0000-4000-8000-000000000114', '2026-06-15', 1, 'Guest', 1000, 'Tent 6', '00004001-0000-4000-8000-000000000022');
INSERT INTO kots (camp_id, dish_id, date, qty, type, revenue, tent, guest_id) VALUES ('sherbagh', '00000201-0000-4000-8000-000000000134', '2026-06-16', 1, 'Guest', 2400, 'Tent 6', '00004001-0000-4000-8000-000000000022');
INSERT INTO kots (camp_id, dish_id, date, qty, type, revenue, tent, guest_id) VALUES ('sherbagh', '00000201-0000-4000-8000-000000000135', '2026-06-16', 1, 'Guest', 1000, 'Tent 6', '00004001-0000-4000-8000-000000000022');
INSERT INTO kots (camp_id, dish_id, date, qty, type, revenue, tent, guest_id) VALUES ('sherbagh', '00000201-0000-4000-8000-000000000106', '2026-06-17', 1, 'Guest', 650, 'Tent 6', '00004001-0000-4000-8000-000000000022');
INSERT INTO kots (camp_id, dish_id, date, qty, type, revenue, tent, guest_id) VALUES ('sherbagh', '00000201-0000-4000-8000-000000000114', '2026-06-17', 1, 'Guest', 1000, 'Tent 6', '00004001-0000-4000-8000-000000000022');
INSERT INTO kots (camp_id, dish_id, date, qty, type, revenue, tent, guest_id) VALUES ('sherbagh', '00000201-0000-4000-8000-000000000134', '2026-06-18', 1, 'Guest', 2400, 'Tent 6', '00004001-0000-4000-8000-000000000022');
INSERT INTO kots (camp_id, dish_id, date, qty, type, revenue, tent, guest_id) VALUES ('sherbagh', '00000201-0000-4000-8000-000000000101', '2026-06-07', 1, 'Guest', 600, 'Tent 4', '00004001-0000-4000-8000-000000000023');
INSERT INTO kots (camp_id, dish_id, date, qty, type, revenue, tent, guest_id) VALUES ('sherbagh', '00000201-0000-4000-8000-000000000111', '2026-06-07', 2, 'Guest', 1300, 'Tent 4', '00004001-0000-4000-8000-000000000023');
INSERT INTO kots (camp_id, dish_id, date, qty, type, revenue, tent, guest_id) VALUES ('sherbagh', '00000201-0000-4000-8000-000000000120', '2026-06-08', 1, 'Guest', 1400, 'Tent 4', '00004001-0000-4000-8000-000000000023');
INSERT INTO kots (camp_id, dish_id, date, qty, type, revenue, tent, guest_id) VALUES ('sherbagh', '00000201-0000-4000-8000-000000000122', '2026-06-08', 2, 'Guest', 2200, 'Tent 4', '00004001-0000-4000-8000-000000000023');
INSERT INTO kots (camp_id, dish_id, date, qty, type, revenue, tent, guest_id) VALUES ('sherbagh', '00000201-0000-4000-8000-000000000132', '2026-06-09', 1, 'Guest', 1400, 'Tent 4', '00004001-0000-4000-8000-000000000023');
INSERT INTO kots (camp_id, dish_id, date, qty, type, revenue, tent, guest_id) VALUES ('sherbagh', '00000201-0000-4000-8000-000000000101', '2026-06-09', 2, 'Guest', 1200, 'Tent 4', '00004001-0000-4000-8000-000000000023');
INSERT INTO kots (camp_id, dish_id, date, qty, type, revenue, tent, guest_id) VALUES ('sherbagh', '00000201-0000-4000-8000-000000000111', '2026-06-10', 1, 'Guest', 650, 'Tent 4', '00004001-0000-4000-8000-000000000023');
INSERT INTO kots (camp_id, dish_id, date, qty, type, revenue, tent, guest_id) VALUES ('sherbagh', '00000201-0000-4000-8000-000000000120', '2026-06-10', 2, 'Guest', 2800, 'Tent 4', '00004001-0000-4000-8000-000000000023');
INSERT INTO kots (camp_id, dish_id, date, qty, type, revenue, tent, guest_id) VALUES ('sherbagh', '00000201-0000-4000-8000-000000000122', '2026-06-11', 1, 'Guest', 1100, 'Tent 4', '00004001-0000-4000-8000-000000000023');
INSERT INTO kots (camp_id, dish_id, date, qty, type, revenue, tent, guest_id) VALUES ('sherbagh', '00000201-0000-4000-8000-000000000132', '2026-06-11', 2, 'Guest', 2800, 'Tent 4', '00004001-0000-4000-8000-000000000023');
INSERT INTO kots (camp_id, dish_id, date, qty, type, revenue, tent, guest_id) VALUES ('sherbagh', '00000201-0000-4000-8000-000000000101', '2026-06-12', 1, 'Guest', 600, 'Tent 4', '00004001-0000-4000-8000-000000000023');
INSERT INTO kots (camp_id, dish_id, date, qty, type, revenue, tent, guest_id) VALUES ('sherbagh', '00000201-0000-4000-8000-000000000111', '2026-06-12', 2, 'Guest', 1300, 'Tent 4', '00004001-0000-4000-8000-000000000023');
INSERT INTO kots (camp_id, dish_id, date, qty, type, revenue, tent, guest_id) VALUES ('sherbagh', '00000201-0000-4000-8000-000000000120', '2026-06-13', 1, 'Guest', 1400, 'Tent 4', '00004001-0000-4000-8000-000000000023');
INSERT INTO kots (camp_id, dish_id, date, qty, type, revenue, tent, guest_id) VALUES ('sherbagh', '00000201-0000-4000-8000-000000000122', '2026-06-13', 2, 'Guest', 2200, 'Tent 4', '00004001-0000-4000-8000-000000000023');
INSERT INTO kots (camp_id, dish_id, date, qty, type, revenue, tent, guest_id) VALUES ('sherbagh', '00000201-0000-4000-8000-000000000101', '2025-09-14', 1, 'Guest', 600, 'Tent 3', '00004001-0000-4000-8000-000000000025');
INSERT INTO kots (camp_id, dish_id, date, qty, type, revenue, tent, guest_id) VALUES ('sherbagh', '00000201-0000-4000-8000-000000000103', '2025-09-14', 2, 'Guest', 1400, 'Tent 3', '00004001-0000-4000-8000-000000000025');
INSERT INTO kots (camp_id, dish_id, date, qty, type, revenue, tent, guest_id) VALUES ('sherbagh', '00000201-0000-4000-8000-000000000106', '2025-09-15', 1, 'Guest', 650, 'Tent 3', '00004001-0000-4000-8000-000000000025');
INSERT INTO kots (camp_id, dish_id, date, qty, type, revenue, tent, guest_id) VALUES ('sherbagh', '00000201-0000-4000-8000-000000000110', '2025-09-15', 2, 'Guest', 4400, 'Tent 3', '00004001-0000-4000-8000-000000000025');
INSERT INTO kots (camp_id, dish_id, date, qty, type, revenue, tent, guest_id) VALUES ('sherbagh', '00000201-0000-4000-8000-000000000117', '2025-09-16', 1, 'Guest', 1100, 'Tent 3', '00004001-0000-4000-8000-000000000025');
INSERT INTO kots (camp_id, dish_id, date, qty, type, revenue, tent, guest_id) VALUES ('sherbagh', '00000201-0000-4000-8000-000000000120', '2025-09-16', 2, 'Guest', 2800, 'Tent 3', '00004001-0000-4000-8000-000000000025');
INSERT INTO kots (camp_id, dish_id, date, qty, type, revenue, tent, guest_id) VALUES ('sherbagh', '00000201-0000-4000-8000-000000000122', '2025-09-17', 1, 'Guest', 1100, 'Tent 3', '00004001-0000-4000-8000-000000000025');
INSERT INTO kots (camp_id, dish_id, date, qty, type, revenue, tent, guest_id) VALUES ('sherbagh', '00000201-0000-4000-8000-000000000125', '2025-09-17', 2, 'Guest', 1600, 'Tent 3', '00004001-0000-4000-8000-000000000025');
INSERT INTO kots (camp_id, dish_id, date, qty, type, revenue, tent, guest_id) VALUES ('sherbagh', '00000201-0000-4000-8000-000000000132', '2025-09-18', 1, 'Guest', 1400, 'Tent 3', '00004001-0000-4000-8000-000000000025');
INSERT INTO kots (camp_id, dish_id, date, qty, type, revenue, tent, guest_id) VALUES ('sherbagh', '00000201-0000-4000-8000-000000000134', '2025-09-18', 2, 'Guest', 4800, 'Tent 3', '00004001-0000-4000-8000-000000000025');
INSERT INTO kots (camp_id, dish_id, date, qty, type, revenue, tent, guest_id) VALUES ('sherbagh', '00000201-0000-4000-8000-000000000101', '2025-09-19', 1, 'Guest', 600, 'Tent 3', '00004001-0000-4000-8000-000000000025');
INSERT INTO kots (camp_id, dish_id, date, qty, type, revenue, tent, guest_id) VALUES ('sherbagh', '00000201-0000-4000-8000-000000000103', '2025-09-19', 2, 'Guest', 1400, 'Tent 3', '00004001-0000-4000-8000-000000000025');
INSERT INTO kots (camp_id, dish_id, date, qty, type, revenue, tent, guest_id) VALUES ('sherbagh', '00000201-0000-4000-8000-000000000101', '2026-05-10', 1, 'Guest', 600, 'Tent 1', '00004001-0000-4000-8000-000000000026');
INSERT INTO kots (camp_id, dish_id, date, qty, type, revenue, tent, guest_id) VALUES ('sherbagh', '00000201-0000-4000-8000-000000000103', '2026-05-10', 1, 'Guest', 700, 'Tent 1', '00004001-0000-4000-8000-000000000026');
INSERT INTO kots (camp_id, dish_id, date, qty, type, revenue, tent, guest_id) VALUES ('sherbagh', '00000201-0000-4000-8000-000000000106', '2026-05-11', 1, 'Guest', 650, 'Tent 1', '00004001-0000-4000-8000-000000000026');
INSERT INTO kots (camp_id, dish_id, date, qty, type, revenue, tent, guest_id) VALUES ('sherbagh', '00000201-0000-4000-8000-000000000110', '2026-05-11', 1, 'Guest', 2200, 'Tent 1', '00004001-0000-4000-8000-000000000026');
INSERT INTO kots (camp_id, dish_id, date, qty, type, revenue, tent, guest_id) VALUES ('sherbagh', '00000201-0000-4000-8000-000000000117', '2026-05-12', 1, 'Guest', 1100, 'Tent 1', '00004001-0000-4000-8000-000000000026');
INSERT INTO kots (camp_id, dish_id, date, qty, type, revenue, tent, guest_id) VALUES ('sherbagh', '00000201-0000-4000-8000-000000000120', '2026-05-12', 1, 'Guest', 1400, 'Tent 1', '00004001-0000-4000-8000-000000000026');
INSERT INTO kots (camp_id, dish_id, date, qty, type, revenue, tent, guest_id) VALUES ('sherbagh', '00000201-0000-4000-8000-000000000122', '2026-05-13', 1, 'Guest', 1100, 'Tent 1', '00004001-0000-4000-8000-000000000026');
INSERT INTO kots (camp_id, dish_id, date, qty, type, revenue, tent, guest_id) VALUES ('sherbagh', '00000201-0000-4000-8000-000000000125', '2026-05-13', 1, 'Guest', 800, 'Tent 1', '00004001-0000-4000-8000-000000000026');
INSERT INTO kots (camp_id, dish_id, date, qty, type, revenue, tent, guest_id) VALUES ('sherbagh', '00000201-0000-4000-8000-000000000132', '2026-05-14', 1, 'Guest', 1400, 'Tent 1', '00004001-0000-4000-8000-000000000026');
INSERT INTO kots (camp_id, dish_id, date, qty, type, revenue, tent, guest_id) VALUES ('sherbagh', '00000201-0000-4000-8000-000000000134', '2026-05-14', 1, 'Guest', 2400, 'Tent 1', '00004001-0000-4000-8000-000000000026');
INSERT INTO kots (camp_id, dish_id, date, qty, type, revenue, tent, guest_id) VALUES ('sherbagh', '00000201-0000-4000-8000-000000000101', '2026-05-15', 1, 'Guest', 600, 'Tent 1', '00004001-0000-4000-8000-000000000026');
INSERT INTO kots (camp_id, dish_id, date, qty, type, revenue, tent, guest_id) VALUES ('sherbagh', '00000201-0000-4000-8000-000000000103', '2026-05-15', 1, 'Guest', 700, 'Tent 1', '00004001-0000-4000-8000-000000000026');
INSERT INTO kots (camp_id, dish_id, date, qty, type, revenue, tent, guest_id) VALUES ('sherbagh', '00000201-0000-4000-8000-000000000101', '2026-02-20', 1, 'Guest', 600, 'Tent 7', '00004001-0000-4000-8000-000000000027');
INSERT INTO kots (camp_id, dish_id, date, qty, type, revenue, tent, guest_id) VALUES ('sherbagh', '00000201-0000-4000-8000-000000000103', '2026-02-20', 2, 'Guest', 1400, 'Tent 7', '00004001-0000-4000-8000-000000000027');
INSERT INTO kots (camp_id, dish_id, date, qty, type, revenue, tent, guest_id) VALUES ('sherbagh', '00000201-0000-4000-8000-000000000106', '2026-02-21', 1, 'Guest', 650, 'Tent 7', '00004001-0000-4000-8000-000000000027');
INSERT INTO kots (camp_id, dish_id, date, qty, type, revenue, tent, guest_id) VALUES ('sherbagh', '00000201-0000-4000-8000-000000000110', '2026-02-21', 2, 'Guest', 4400, 'Tent 7', '00004001-0000-4000-8000-000000000027');
INSERT INTO kots (camp_id, dish_id, date, qty, type, revenue, tent, guest_id) VALUES ('sherbagh', '00000201-0000-4000-8000-000000000117', '2026-02-22', 1, 'Guest', 1100, 'Tent 7', '00004001-0000-4000-8000-000000000027');
INSERT INTO kots (camp_id, dish_id, date, qty, type, revenue, tent, guest_id) VALUES ('sherbagh', '00000201-0000-4000-8000-000000000120', '2026-02-22', 2, 'Guest', 2800, 'Tent 7', '00004001-0000-4000-8000-000000000027');
INSERT INTO kots (camp_id, dish_id, date, qty, type, revenue, tent, guest_id) VALUES ('sherbagh', '00000201-0000-4000-8000-000000000122', '2026-02-23', 1, 'Guest', 1100, 'Tent 7', '00004001-0000-4000-8000-000000000027');
INSERT INTO kots (camp_id, dish_id, date, qty, type, revenue, tent, guest_id) VALUES ('sherbagh', '00000201-0000-4000-8000-000000000125', '2026-02-23', 2, 'Guest', 1600, 'Tent 7', '00004001-0000-4000-8000-000000000027');
INSERT INTO kots (camp_id, dish_id, date, qty, type, revenue, tent, guest_id) VALUES ('sherbagh', '00000201-0000-4000-8000-000000000132', '2026-02-24', 1, 'Guest', 1400, 'Tent 7', '00004001-0000-4000-8000-000000000027');
INSERT INTO kots (camp_id, dish_id, date, qty, type, revenue, tent, guest_id) VALUES ('sherbagh', '00000201-0000-4000-8000-000000000134', '2026-02-24', 2, 'Guest', 4800, 'Tent 7', '00004001-0000-4000-8000-000000000027');
INSERT INTO kots (camp_id, dish_id, date, qty, type, revenue, tent, guest_id) VALUES ('sherbagh', '00000201-0000-4000-8000-000000000101', '2026-02-25', 1, 'Guest', 600, 'Tent 7', '00004001-0000-4000-8000-000000000027');
INSERT INTO kots (camp_id, dish_id, date, qty, type, revenue, tent, guest_id) VALUES ('sherbagh', '00000201-0000-4000-8000-000000000103', '2026-02-25', 2, 'Guest', 1400, 'Tent 7', '00004001-0000-4000-8000-000000000027');
INSERT INTO kots (camp_id, dish_id, date, qty, type, revenue, tent, guest_id) VALUES ('sherbagh', '00000201-0000-4000-8000-000000000101', '2025-11-22', 1, 'Guest', 600, 'Tent 9', '00004001-0000-4000-8000-000000000028');
INSERT INTO kots (camp_id, dish_id, date, qty, type, revenue, tent, guest_id) VALUES ('sherbagh', '00000201-0000-4000-8000-000000000103', '2025-11-22', 1, 'Guest', 700, 'Tent 9', '00004001-0000-4000-8000-000000000028');
INSERT INTO kots (camp_id, dish_id, date, qty, type, revenue, tent, guest_id) VALUES ('sherbagh', '00000201-0000-4000-8000-000000000106', '2025-11-23', 1, 'Guest', 650, 'Tent 9', '00004001-0000-4000-8000-000000000028');
INSERT INTO kots (camp_id, dish_id, date, qty, type, revenue, tent, guest_id) VALUES ('sherbagh', '00000201-0000-4000-8000-000000000110', '2025-11-23', 1, 'Guest', 2200, 'Tent 9', '00004001-0000-4000-8000-000000000028');
INSERT INTO kots (camp_id, dish_id, date, qty, type, revenue, tent, guest_id) VALUES ('sherbagh', '00000201-0000-4000-8000-000000000117', '2025-11-24', 1, 'Guest', 1100, 'Tent 9', '00004001-0000-4000-8000-000000000028');
INSERT INTO kots (camp_id, dish_id, date, qty, type, revenue, tent, guest_id) VALUES ('sherbagh', '00000201-0000-4000-8000-000000000120', '2025-11-24', 1, 'Guest', 1400, 'Tent 9', '00004001-0000-4000-8000-000000000028');
INSERT INTO kots (camp_id, dish_id, date, qty, type, revenue, tent, guest_id) VALUES ('sherbagh', '00000201-0000-4000-8000-000000000122', '2025-11-25', 1, 'Guest', 1100, 'Tent 9', '00004001-0000-4000-8000-000000000028');
INSERT INTO kots (camp_id, dish_id, date, qty, type, revenue, tent, guest_id) VALUES ('sherbagh', '00000201-0000-4000-8000-000000000125', '2025-11-25', 1, 'Guest', 800, 'Tent 9', '00004001-0000-4000-8000-000000000028');
INSERT INTO kots (camp_id, dish_id, date, qty, type, revenue, tent, guest_id) VALUES ('sherbagh', '00000201-0000-4000-8000-000000000132', '2025-11-26', 1, 'Guest', 1400, 'Tent 9', '00004001-0000-4000-8000-000000000028');
INSERT INTO kots (camp_id, dish_id, date, qty, type, revenue, tent, guest_id) VALUES ('sherbagh', '00000201-0000-4000-8000-000000000134', '2025-11-26', 1, 'Guest', 2400, 'Tent 9', '00004001-0000-4000-8000-000000000028');
INSERT INTO kots (camp_id, dish_id, date, qty, type, revenue, tent, guest_id) VALUES ('sherbagh', '00000201-0000-4000-8000-000000000101', '2025-11-27', 1, 'Guest', 600, 'Tent 9', '00004001-0000-4000-8000-000000000028');
INSERT INTO kots (camp_id, dish_id, date, qty, type, revenue, tent, guest_id) VALUES ('sherbagh', '00000201-0000-4000-8000-000000000103', '2025-11-27', 1, 'Guest', 700, 'Tent 9', '00004001-0000-4000-8000-000000000028');
INSERT INTO kots (camp_id, dish_id, date, qty, type, revenue, tent, guest_id) VALUES ('serai', '00000301-0000-4000-8000-000000000201', '2026-06-08', 1, 'Guest', 850, 'Tent 1', '00004001-0000-4000-8000-000000000031');
INSERT INTO kots (camp_id, dish_id, date, qty, type, revenue, tent, guest_id) VALUES ('serai', '00000301-0000-4000-8000-000000000210', '2026-06-08', 2, 'Guest', 3000, 'Tent 1', '00004001-0000-4000-8000-000000000031');
INSERT INTO kots (camp_id, dish_id, date, qty, type, revenue, tent, guest_id) VALUES ('serai', '00000301-0000-4000-8000-000000000216', '2026-06-08', 2, 'Guest', 3500, 'Tent 1', '00004001-0000-4000-8000-000000000031');
INSERT INTO kots (camp_id, dish_id, date, qty, type, revenue, tent, guest_id) VALUES ('serai', '00000301-0000-4000-8000-000000000224', '2026-06-09', 1, 'Guest', 1750, 'Tent 1', '00004001-0000-4000-8000-000000000031');
INSERT INTO kots (camp_id, dish_id, date, qty, type, revenue, tent, guest_id) VALUES ('serai', '00000301-0000-4000-8000-000000000227', '2026-06-09', 2, 'Guest', 5000, 'Tent 1', '00004001-0000-4000-8000-000000000031');
INSERT INTO kots (camp_id, dish_id, date, qty, type, revenue, tent, guest_id) VALUES ('serai', '00000301-0000-4000-8000-000000000228', '2026-06-09', 2, 'Guest', 5000, 'Tent 1', '00004001-0000-4000-8000-000000000031');
INSERT INTO kots (camp_id, dish_id, date, qty, type, revenue, tent, guest_id) VALUES ('serai', '00000301-0000-4000-8000-000000000233', '2026-06-10', 1, 'Guest', 950, 'Tent 1', '00004001-0000-4000-8000-000000000031');
INSERT INTO kots (camp_id, dish_id, date, qty, type, revenue, tent, guest_id) VALUES ('serai', '00000301-0000-4000-8000-000000000238', '2026-06-10', 2, 'Guest', 2400, 'Tent 1', '00004001-0000-4000-8000-000000000031');
INSERT INTO kots (camp_id, dish_id, date, qty, type, revenue, tent, guest_id) VALUES ('serai', '00000301-0000-4000-8000-000000000239', '2026-06-10', 2, 'Guest', 12000, 'Tent 1', '00004001-0000-4000-8000-000000000031');
INSERT INTO kots (camp_id, dish_id, date, qty, type, revenue, tent, guest_id) VALUES ('serai', '00000301-0000-4000-8000-000000000241', '2026-06-11', 1, 'Guest', 5000, 'Tent 1', '00004001-0000-4000-8000-000000000031');
INSERT INTO kots (camp_id, dish_id, date, qty, type, revenue, tent, guest_id) VALUES ('serai', '00000301-0000-4000-8000-000000000201', '2026-06-11', 2, 'Guest', 1700, 'Tent 1', '00004001-0000-4000-8000-000000000031');
INSERT INTO kots (camp_id, dish_id, date, qty, type, revenue, tent, guest_id) VALUES ('serai', '00000301-0000-4000-8000-000000000210', '2026-06-11', 2, 'Guest', 3000, 'Tent 1', '00004001-0000-4000-8000-000000000031');
INSERT INTO kots (camp_id, dish_id, date, qty, type, revenue, tent, guest_id) VALUES ('serai', '00000301-0000-4000-8000-000000000216', '2026-06-12', 1, 'Guest', 1750, 'Tent 1', '00004001-0000-4000-8000-000000000031');
INSERT INTO kots (camp_id, dish_id, date, qty, type, revenue, tent, guest_id) VALUES ('serai', '00000301-0000-4000-8000-000000000224', '2026-06-12', 2, 'Guest', 3500, 'Tent 1', '00004001-0000-4000-8000-000000000031');
INSERT INTO kots (camp_id, dish_id, date, qty, type, revenue, tent, guest_id) VALUES ('serai', '00000301-0000-4000-8000-000000000227', '2026-06-12', 2, 'Guest', 5000, 'Tent 1', '00004001-0000-4000-8000-000000000031');
INSERT INTO kots (camp_id, dish_id, date, qty, type, revenue, tent, guest_id) VALUES ('serai', '00000301-0000-4000-8000-000000000228', '2026-06-13', 1, 'Guest', 2500, 'Tent 1', '00004001-0000-4000-8000-000000000031');
INSERT INTO kots (camp_id, dish_id, date, qty, type, revenue, tent, guest_id) VALUES ('serai', '00000301-0000-4000-8000-000000000233', '2026-06-13', 2, 'Guest', 1900, 'Tent 1', '00004001-0000-4000-8000-000000000031');
INSERT INTO kots (camp_id, dish_id, date, qty, type, revenue, tent, guest_id) VALUES ('serai', '00000301-0000-4000-8000-000000000238', '2026-06-13', 2, 'Guest', 2400, 'Tent 1', '00004001-0000-4000-8000-000000000031');
INSERT INTO kots (camp_id, dish_id, date, qty, type, revenue, tent, guest_id) VALUES ('serai', '00000301-0000-4000-8000-000000000239', '2026-06-14', 1, 'Guest', 6000, 'Tent 1', '00004001-0000-4000-8000-000000000031');
INSERT INTO kots (camp_id, dish_id, date, qty, type, revenue, tent, guest_id) VALUES ('serai', '00000301-0000-4000-8000-000000000201', '2026-06-10', 1, 'Guest', 850, 'Tent 3', '00004001-0000-4000-8000-000000000032');
INSERT INTO kots (camp_id, dish_id, date, qty, type, revenue, tent, guest_id) VALUES ('serai', '00000301-0000-4000-8000-000000000210', '2026-06-10', 1, 'Guest', 1500, 'Tent 3', '00004001-0000-4000-8000-000000000032');
INSERT INTO kots (camp_id, dish_id, date, qty, type, revenue, tent, guest_id) VALUES ('serai', '00000301-0000-4000-8000-000000000216', '2026-06-11', 1, 'Guest', 1750, 'Tent 3', '00004001-0000-4000-8000-000000000032');
INSERT INTO kots (camp_id, dish_id, date, qty, type, revenue, tent, guest_id) VALUES ('serai', '00000301-0000-4000-8000-000000000224', '2026-06-11', 1, 'Guest', 1750, 'Tent 3', '00004001-0000-4000-8000-000000000032');
INSERT INTO kots (camp_id, dish_id, date, qty, type, revenue, tent, guest_id) VALUES ('serai', '00000301-0000-4000-8000-000000000227', '2026-06-12', 1, 'Guest', 2500, 'Tent 3', '00004001-0000-4000-8000-000000000032');
INSERT INTO kots (camp_id, dish_id, date, qty, type, revenue, tent, guest_id) VALUES ('serai', '00000301-0000-4000-8000-000000000228', '2026-06-12', 1, 'Guest', 2500, 'Tent 3', '00004001-0000-4000-8000-000000000032');
INSERT INTO kots (camp_id, dish_id, date, qty, type, revenue, tent, guest_id) VALUES ('serai', '00000301-0000-4000-8000-000000000233', '2026-06-13', 1, 'Guest', 950, 'Tent 3', '00004001-0000-4000-8000-000000000032');
INSERT INTO kots (camp_id, dish_id, date, qty, type, revenue, tent, guest_id) VALUES ('serai', '00000301-0000-4000-8000-000000000238', '2026-06-13', 1, 'Guest', 1200, 'Tent 3', '00004001-0000-4000-8000-000000000032');
INSERT INTO kots (camp_id, dish_id, date, qty, type, revenue, tent, guest_id) VALUES ('serai', '00000301-0000-4000-8000-000000000239', '2026-06-14', 1, 'Guest', 6000, 'Tent 3', '00004001-0000-4000-8000-000000000032');
INSERT INTO kots (camp_id, dish_id, date, qty, type, revenue, tent, guest_id) VALUES ('serai', '00000301-0000-4000-8000-000000000241', '2026-06-14', 1, 'Guest', 5000, 'Tent 3', '00004001-0000-4000-8000-000000000032');
INSERT INTO kots (camp_id, dish_id, date, qty, type, revenue, tent, guest_id) VALUES ('serai', '00000301-0000-4000-8000-000000000201', '2026-06-15', 1, 'Guest', 850, 'Tent 3', '00004001-0000-4000-8000-000000000032');
INSERT INTO kots (camp_id, dish_id, date, qty, type, revenue, tent, guest_id) VALUES ('serai', '00000301-0000-4000-8000-000000000210', '2026-06-15', 1, 'Guest', 1500, 'Tent 3', '00004001-0000-4000-8000-000000000032');
INSERT INTO kots (camp_id, dish_id, date, qty, type, revenue, tent, guest_id) VALUES ('serai', '00000301-0000-4000-8000-000000000216', '2026-06-16', 1, 'Guest', 1750, 'Tent 3', '00004001-0000-4000-8000-000000000032');
INSERT INTO kots (camp_id, dish_id, date, qty, type, revenue, tent, guest_id) VALUES ('serai', '00000301-0000-4000-8000-000000000224', '2026-06-16', 1, 'Guest', 1750, 'Tent 3', '00004001-0000-4000-8000-000000000032');
INSERT INTO kots (camp_id, dish_id, date, qty, type, revenue, tent, guest_id) VALUES ('serai', '00000301-0000-4000-8000-000000000227', '2026-06-17', 1, 'Guest', 2500, 'Tent 3', '00004001-0000-4000-8000-000000000032');
INSERT INTO kots (camp_id, dish_id, date, qty, type, revenue, tent, guest_id) VALUES ('serai', '00000301-0000-4000-8000-000000000201', '2026-06-12', 1, 'Guest', 850, 'Tent 5', '00004001-0000-4000-8000-000000000033');
INSERT INTO kots (camp_id, dish_id, date, qty, type, revenue, tent, guest_id) VALUES ('serai', '00000301-0000-4000-8000-000000000210', '2026-06-12', 2, 'Guest', 3000, 'Tent 5', '00004001-0000-4000-8000-000000000033');
INSERT INTO kots (camp_id, dish_id, date, qty, type, revenue, tent, guest_id) VALUES ('serai', '00000301-0000-4000-8000-000000000216', '2026-06-12', 2, 'Guest', 3500, 'Tent 5', '00004001-0000-4000-8000-000000000033');
INSERT INTO kots (camp_id, dish_id, date, qty, type, revenue, tent, guest_id) VALUES ('serai', '00000301-0000-4000-8000-000000000224', '2026-06-13', 1, 'Guest', 1750, 'Tent 5', '00004001-0000-4000-8000-000000000033');
INSERT INTO kots (camp_id, dish_id, date, qty, type, revenue, tent, guest_id) VALUES ('serai', '00000301-0000-4000-8000-000000000227', '2026-06-13', 2, 'Guest', 5000, 'Tent 5', '00004001-0000-4000-8000-000000000033');
INSERT INTO kots (camp_id, dish_id, date, qty, type, revenue, tent, guest_id) VALUES ('serai', '00000301-0000-4000-8000-000000000228', '2026-06-13', 2, 'Guest', 5000, 'Tent 5', '00004001-0000-4000-8000-000000000033');
INSERT INTO kots (camp_id, dish_id, date, qty, type, revenue, tent, guest_id) VALUES ('serai', '00000301-0000-4000-8000-000000000233', '2026-06-14', 1, 'Guest', 950, 'Tent 5', '00004001-0000-4000-8000-000000000033');
INSERT INTO kots (camp_id, dish_id, date, qty, type, revenue, tent, guest_id) VALUES ('serai', '00000301-0000-4000-8000-000000000238', '2026-06-14', 2, 'Guest', 2400, 'Tent 5', '00004001-0000-4000-8000-000000000033');
INSERT INTO kots (camp_id, dish_id, date, qty, type, revenue, tent, guest_id) VALUES ('serai', '00000301-0000-4000-8000-000000000239', '2026-06-14', 2, 'Guest', 12000, 'Tent 5', '00004001-0000-4000-8000-000000000033');
INSERT INTO kots (camp_id, dish_id, date, qty, type, revenue, tent, guest_id) VALUES ('serai', '00000301-0000-4000-8000-000000000241', '2026-06-15', 1, 'Guest', 5000, 'Tent 5', '00004001-0000-4000-8000-000000000033');
INSERT INTO kots (camp_id, dish_id, date, qty, type, revenue, tent, guest_id) VALUES ('serai', '00000301-0000-4000-8000-000000000201', '2026-06-15', 2, 'Guest', 1700, 'Tent 5', '00004001-0000-4000-8000-000000000033');
INSERT INTO kots (camp_id, dish_id, date, qty, type, revenue, tent, guest_id) VALUES ('serai', '00000301-0000-4000-8000-000000000210', '2026-06-15', 2, 'Guest', 3000, 'Tent 5', '00004001-0000-4000-8000-000000000033');
INSERT INTO kots (camp_id, dish_id, date, qty, type, revenue, tent, guest_id) VALUES ('serai', '00000301-0000-4000-8000-000000000216', '2026-06-16', 1, 'Guest', 1750, 'Tent 5', '00004001-0000-4000-8000-000000000033');
INSERT INTO kots (camp_id, dish_id, date, qty, type, revenue, tent, guest_id) VALUES ('serai', '00000301-0000-4000-8000-000000000201', '2026-03-05', 1, 'Guest', 850, 'Tent 2', '00004001-0000-4000-8000-000000000035');
INSERT INTO kots (camp_id, dish_id, date, qty, type, revenue, tent, guest_id) VALUES ('serai', '00000301-0000-4000-8000-000000000210', '2026-03-05', 2, 'Guest', 3000, 'Tent 2', '00004001-0000-4000-8000-000000000035');
INSERT INTO kots (camp_id, dish_id, date, qty, type, revenue, tent, guest_id) VALUES ('serai', '00000301-0000-4000-8000-000000000216', '2026-03-06', 1, 'Guest', 1750, 'Tent 2', '00004001-0000-4000-8000-000000000035');
INSERT INTO kots (camp_id, dish_id, date, qty, type, revenue, tent, guest_id) VALUES ('serai', '00000301-0000-4000-8000-000000000224', '2026-03-06', 2, 'Guest', 3500, 'Tent 2', '00004001-0000-4000-8000-000000000035');
INSERT INTO kots (camp_id, dish_id, date, qty, type, revenue, tent, guest_id) VALUES ('serai', '00000301-0000-4000-8000-000000000227', '2026-03-07', 1, 'Guest', 2500, 'Tent 2', '00004001-0000-4000-8000-000000000035');
INSERT INTO kots (camp_id, dish_id, date, qty, type, revenue, tent, guest_id) VALUES ('serai', '00000301-0000-4000-8000-000000000228', '2026-03-07', 2, 'Guest', 5000, 'Tent 2', '00004001-0000-4000-8000-000000000035');
INSERT INTO kots (camp_id, dish_id, date, qty, type, revenue, tent, guest_id) VALUES ('serai', '00000301-0000-4000-8000-000000000233', '2026-03-08', 1, 'Guest', 950, 'Tent 2', '00004001-0000-4000-8000-000000000035');
INSERT INTO kots (camp_id, dish_id, date, qty, type, revenue, tent, guest_id) VALUES ('serai', '00000301-0000-4000-8000-000000000238', '2026-03-08', 2, 'Guest', 2400, 'Tent 2', '00004001-0000-4000-8000-000000000035');
INSERT INTO kots (camp_id, dish_id, date, qty, type, revenue, tent, guest_id) VALUES ('serai', '00000301-0000-4000-8000-000000000239', '2026-03-09', 1, 'Guest', 6000, 'Tent 2', '00004001-0000-4000-8000-000000000035');
INSERT INTO kots (camp_id, dish_id, date, qty, type, revenue, tent, guest_id) VALUES ('serai', '00000301-0000-4000-8000-000000000241', '2026-03-09', 2, 'Guest', 10000, 'Tent 2', '00004001-0000-4000-8000-000000000035');
INSERT INTO kots (camp_id, dish_id, date, qty, type, revenue, tent, guest_id) VALUES ('serai', '00000301-0000-4000-8000-000000000201', '2026-03-10', 1, 'Guest', 850, 'Tent 2', '00004001-0000-4000-8000-000000000035');
INSERT INTO kots (camp_id, dish_id, date, qty, type, revenue, tent, guest_id) VALUES ('serai', '00000301-0000-4000-8000-000000000210', '2026-03-10', 2, 'Guest', 3000, 'Tent 2', '00004001-0000-4000-8000-000000000035');
INSERT INTO kots (camp_id, dish_id, date, qty, type, revenue, tent, guest_id) VALUES ('serai', '00000301-0000-4000-8000-000000000201', '2026-05-01', 1, 'Guest', 850, 'Tent 4', '00004001-0000-4000-8000-000000000036');
INSERT INTO kots (camp_id, dish_id, date, qty, type, revenue, tent, guest_id) VALUES ('serai', '00000301-0000-4000-8000-000000000210', '2026-05-01', 1, 'Guest', 1500, 'Tent 4', '00004001-0000-4000-8000-000000000036');
INSERT INTO kots (camp_id, dish_id, date, qty, type, revenue, tent, guest_id) VALUES ('serai', '00000301-0000-4000-8000-000000000216', '2026-05-02', 1, 'Guest', 1750, 'Tent 4', '00004001-0000-4000-8000-000000000036');
INSERT INTO kots (camp_id, dish_id, date, qty, type, revenue, tent, guest_id) VALUES ('serai', '00000301-0000-4000-8000-000000000224', '2026-05-02', 1, 'Guest', 1750, 'Tent 4', '00004001-0000-4000-8000-000000000036');
INSERT INTO kots (camp_id, dish_id, date, qty, type, revenue, tent, guest_id) VALUES ('serai', '00000301-0000-4000-8000-000000000227', '2026-05-03', 1, 'Guest', 2500, 'Tent 4', '00004001-0000-4000-8000-000000000036');
INSERT INTO kots (camp_id, dish_id, date, qty, type, revenue, tent, guest_id) VALUES ('serai', '00000301-0000-4000-8000-000000000228', '2026-05-03', 1, 'Guest', 2500, 'Tent 4', '00004001-0000-4000-8000-000000000036');
INSERT INTO kots (camp_id, dish_id, date, qty, type, revenue, tent, guest_id) VALUES ('serai', '00000301-0000-4000-8000-000000000233', '2026-05-04', 1, 'Guest', 950, 'Tent 4', '00004001-0000-4000-8000-000000000036');
INSERT INTO kots (camp_id, dish_id, date, qty, type, revenue, tent, guest_id) VALUES ('serai', '00000301-0000-4000-8000-000000000238', '2026-05-04', 1, 'Guest', 1200, 'Tent 4', '00004001-0000-4000-8000-000000000036');
INSERT INTO kots (camp_id, dish_id, date, qty, type, revenue, tent, guest_id) VALUES ('serai', '00000301-0000-4000-8000-000000000239', '2026-05-05', 1, 'Guest', 6000, 'Tent 4', '00004001-0000-4000-8000-000000000036');
INSERT INTO kots (camp_id, dish_id, date, qty, type, revenue, tent, guest_id) VALUES ('serai', '00000301-0000-4000-8000-000000000241', '2026-05-05', 1, 'Guest', 5000, 'Tent 4', '00004001-0000-4000-8000-000000000036');
INSERT INTO kots (camp_id, dish_id, date, qty, type, revenue, tent, guest_id) VALUES ('serai', '00000301-0000-4000-8000-000000000201', '2026-05-06', 1, 'Guest', 850, 'Tent 4', '00004001-0000-4000-8000-000000000036');
INSERT INTO kots (camp_id, dish_id, date, qty, type, revenue, tent, guest_id) VALUES ('serai', '00000301-0000-4000-8000-000000000210', '2026-05-06', 1, 'Guest', 1500, 'Tent 4', '00004001-0000-4000-8000-000000000036');
INSERT INTO kots (camp_id, dish_id, date, qty, type, revenue, tent, guest_id) VALUES ('serai', '00000301-0000-4000-8000-000000000201', '2025-12-10', 1, 'Guest', 850, 'Tent 6', '00004001-0000-4000-8000-000000000037');
INSERT INTO kots (camp_id, dish_id, date, qty, type, revenue, tent, guest_id) VALUES ('serai', '00000301-0000-4000-8000-000000000210', '2025-12-10', 2, 'Guest', 3000, 'Tent 6', '00004001-0000-4000-8000-000000000037');
INSERT INTO kots (camp_id, dish_id, date, qty, type, revenue, tent, guest_id) VALUES ('serai', '00000301-0000-4000-8000-000000000216', '2025-12-11', 1, 'Guest', 1750, 'Tent 6', '00004001-0000-4000-8000-000000000037');
INSERT INTO kots (camp_id, dish_id, date, qty, type, revenue, tent, guest_id) VALUES ('serai', '00000301-0000-4000-8000-000000000224', '2025-12-11', 2, 'Guest', 3500, 'Tent 6', '00004001-0000-4000-8000-000000000037');
INSERT INTO kots (camp_id, dish_id, date, qty, type, revenue, tent, guest_id) VALUES ('serai', '00000301-0000-4000-8000-000000000227', '2025-12-12', 1, 'Guest', 2500, 'Tent 6', '00004001-0000-4000-8000-000000000037');
INSERT INTO kots (camp_id, dish_id, date, qty, type, revenue, tent, guest_id) VALUES ('serai', '00000301-0000-4000-8000-000000000228', '2025-12-12', 2, 'Guest', 5000, 'Tent 6', '00004001-0000-4000-8000-000000000037');
INSERT INTO kots (camp_id, dish_id, date, qty, type, revenue, tent, guest_id) VALUES ('serai', '00000301-0000-4000-8000-000000000233', '2025-12-13', 1, 'Guest', 950, 'Tent 6', '00004001-0000-4000-8000-000000000037');
INSERT INTO kots (camp_id, dish_id, date, qty, type, revenue, tent, guest_id) VALUES ('serai', '00000301-0000-4000-8000-000000000238', '2025-12-13', 2, 'Guest', 2400, 'Tent 6', '00004001-0000-4000-8000-000000000037');
INSERT INTO kots (camp_id, dish_id, date, qty, type, revenue, tent, guest_id) VALUES ('serai', '00000301-0000-4000-8000-000000000239', '2025-12-14', 1, 'Guest', 6000, 'Tent 6', '00004001-0000-4000-8000-000000000037');
INSERT INTO kots (camp_id, dish_id, date, qty, type, revenue, tent, guest_id) VALUES ('serai', '00000301-0000-4000-8000-000000000241', '2025-12-14', 2, 'Guest', 10000, 'Tent 6', '00004001-0000-4000-8000-000000000037');
INSERT INTO kots (camp_id, dish_id, date, qty, type, revenue, tent, guest_id) VALUES ('serai', '00000301-0000-4000-8000-000000000201', '2025-12-15', 1, 'Guest', 850, 'Tent 6', '00004001-0000-4000-8000-000000000037');
INSERT INTO kots (camp_id, dish_id, date, qty, type, revenue, tent, guest_id) VALUES ('serai', '00000301-0000-4000-8000-000000000210', '2025-12-15', 2, 'Guest', 3000, 'Tent 6', '00004001-0000-4000-8000-000000000037');
INSERT INTO kots (camp_id, dish_id, date, qty, type, revenue, tent, guest_id) VALUES ('serai', '00000301-0000-4000-8000-000000000216', '2025-12-16', 1, 'Guest', 1750, 'Tent 6', '00004001-0000-4000-8000-000000000037');
INSERT INTO kots (camp_id, dish_id, date, qty, type, revenue, tent, guest_id) VALUES ('serai', '00000301-0000-4000-8000-000000000224', '2025-12-16', 2, 'Guest', 3500, 'Tent 6', '00004001-0000-4000-8000-000000000037');
INSERT INTO kots (camp_id, dish_id, date, qty, type, revenue, tent, guest_id) VALUES ('serai', '00000301-0000-4000-8000-000000000201', '2026-02-08', 1, 'Guest', 850, 'Tent 8', '00004001-0000-4000-8000-000000000038');
INSERT INTO kots (camp_id, dish_id, date, qty, type, revenue, tent, guest_id) VALUES ('serai', '00000301-0000-4000-8000-000000000210', '2026-02-08', 1, 'Guest', 1500, 'Tent 8', '00004001-0000-4000-8000-000000000038');
INSERT INTO kots (camp_id, dish_id, date, qty, type, revenue, tent, guest_id) VALUES ('serai', '00000301-0000-4000-8000-000000000216', '2026-02-09', 1, 'Guest', 1750, 'Tent 8', '00004001-0000-4000-8000-000000000038');
INSERT INTO kots (camp_id, dish_id, date, qty, type, revenue, tent, guest_id) VALUES ('serai', '00000301-0000-4000-8000-000000000224', '2026-02-09', 1, 'Guest', 1750, 'Tent 8', '00004001-0000-4000-8000-000000000038');
INSERT INTO kots (camp_id, dish_id, date, qty, type, revenue, tent, guest_id) VALUES ('serai', '00000301-0000-4000-8000-000000000227', '2026-02-10', 1, 'Guest', 2500, 'Tent 8', '00004001-0000-4000-8000-000000000038');
INSERT INTO kots (camp_id, dish_id, date, qty, type, revenue, tent, guest_id) VALUES ('serai', '00000301-0000-4000-8000-000000000228', '2026-02-10', 1, 'Guest', 2500, 'Tent 8', '00004001-0000-4000-8000-000000000038');
INSERT INTO kots (camp_id, dish_id, date, qty, type, revenue, tent, guest_id) VALUES ('serai', '00000301-0000-4000-8000-000000000233', '2026-02-11', 1, 'Guest', 950, 'Tent 8', '00004001-0000-4000-8000-000000000038');
INSERT INTO kots (camp_id, dish_id, date, qty, type, revenue, tent, guest_id) VALUES ('serai', '00000301-0000-4000-8000-000000000238', '2026-02-11', 1, 'Guest', 1200, 'Tent 8', '00004001-0000-4000-8000-000000000038');
INSERT INTO kots (camp_id, dish_id, date, qty, type, revenue, tent, guest_id) VALUES ('serai', '00000301-0000-4000-8000-000000000239', '2026-02-12', 1, 'Guest', 6000, 'Tent 8', '00004001-0000-4000-8000-000000000038');
INSERT INTO kots (camp_id, dish_id, date, qty, type, revenue, tent, guest_id) VALUES ('serai', '00000301-0000-4000-8000-000000000241', '2026-02-12', 1, 'Guest', 5000, 'Tent 8', '00004001-0000-4000-8000-000000000038');
INSERT INTO kots (camp_id, dish_id, date, qty, type, revenue, tent, guest_id) VALUES ('jawai', '00000101-0000-4000-8000-000000000001', '2026-06-11', 2, 'Manager', 0, NULL, NULL);
INSERT INTO kots (camp_id, dish_id, date, qty, type, revenue, tent, guest_id) VALUES ('jawai', '00000101-0000-4000-8000-000000000005', '2026-06-12', 2, 'Manager', 0, NULL, NULL);
INSERT INTO kots (camp_id, dish_id, date, qty, type, revenue, tent, guest_id) VALUES ('jawai', '00000101-0000-4000-8000-000000000024', '2026-06-13', 2, 'Manager', 0, NULL, NULL);
INSERT INTO kots (camp_id, dish_id, date, qty, type, revenue, tent, guest_id) VALUES ('sherbagh', '00000201-0000-4000-8000-000000000106', '2026-06-11', 2, 'Manager', 0, NULL, NULL);
INSERT INTO kots (camp_id, dish_id, date, qty, type, revenue, tent, guest_id) VALUES ('sherbagh', '00000201-0000-4000-8000-000000000111', '2026-06-12', 2, 'Manager', 0, NULL, NULL);
INSERT INTO kots (camp_id, dish_id, date, qty, type, revenue, tent, guest_id) VALUES ('serai', '00000301-0000-4000-8000-000000000201', '2026-06-10', 2, 'Manager', 0, NULL, NULL);
INSERT INTO kots (camp_id, dish_id, date, qty, type, revenue, tent, guest_id) VALUES ('serai', '00000301-0000-4000-8000-000000000241', '2026-06-12', 2, 'Manager', 0, NULL, NULL);

-- Guest dish preference logs (separate from KOT)

INSERT INTO guest_dish_logs (guest_id, dish_id, dish_name, date, meal, notes) VALUES ('00004001-0000-4000-8000-000000000001', '00000101-0000-4000-8000-000000000002', (SELECT name FROM dishes WHERE id = '00000101-0000-4000-8000-000000000002'), '2026-06-11', 'Breakfast', 'Loved Ranger''s Breakfast — repeat tomorrow');
INSERT INTO guest_dish_logs (guest_id, dish_id, dish_name, date, meal, notes) VALUES ('00004001-0000-4000-8000-000000000002', '00000101-0000-4000-8000-000000000023', (SELECT name FROM dishes WHERE id = '00000101-0000-4000-8000-000000000023'), '2026-06-11', 'Dinner', 'Godwar highlight');
INSERT INTO guest_dish_logs (guest_id, dish_id, dish_name, date, meal, notes) VALUES ('00004001-0000-4000-8000-000000000003', '00000101-0000-4000-8000-000000000003', (SELECT name FROM dishes WHERE id = '00000101-0000-4000-8000-000000000003'), '2026-06-10', 'Breakfast', 'GF quinoa hash — approved');
INSERT INTO guest_dish_logs (guest_id, dish_id, dish_name, date, meal, notes) VALUES ('00004001-0000-4000-8000-000000000004', '00000101-0000-4000-8000-000000000007', (SELECT name FROM dishes WHERE id = '00000101-0000-4000-8000-000000000007'), '2026-06-12', 'Lunch', 'Banana leaf fish — pescatarian favourite');
INSERT INTO guest_dish_logs (guest_id, dish_id, dish_name, date, meal, notes) VALUES ('00004001-0000-4000-8000-000000000021', '00000201-0000-4000-8000-000000000110', (SELECT name FROM dishes WHERE id = '00000201-0000-4000-8000-000000000110'), '2026-06-10', 'Breakfast', 'Governor General''s — special occasion');
INSERT INTO guest_dish_logs (guest_id, dish_id, dish_name, date, meal, notes) VALUES ('00004001-0000-4000-8000-000000000022', '00000201-0000-4000-8000-000000000134', (SELECT name FROM dishes WHERE id = '00000201-0000-4000-8000-000000000134'), '2026-06-12', 'Dinner', 'Vegetarian thali — no onion-garlic Tue');
INSERT INTO guest_dish_logs (guest_id, dish_id, dish_name, date, meal, notes) VALUES ('00004001-0000-4000-8000-000000000031', '00000301-0000-4000-8000-000000000239', (SELECT name FROM dishes WHERE id = '00000301-0000-4000-8000-000000000239'), '2026-06-09', 'Dinner', 'Thar Murgh Thali — excellent');
INSERT INTO guest_dish_logs (guest_id, dish_id, dish_name, date, meal, notes) VALUES ('00004001-0000-4000-8000-000000000032', '00000301-0000-4000-8000-000000000238', (SELECT name FROM dishes WHERE id = '00000301-0000-4000-8000-000000000238'), '2026-06-11', 'Dessert', 'Brownie for child — small portion');
INSERT INTO guest_dish_logs (guest_id, dish_id, dish_name, date, meal, notes) VALUES ('00004001-0000-4000-8000-000000000033', '00000301-0000-4000-8000-000000000227', (SELECT name FROM dishes WHERE id = '00000301-0000-4000-8000-000000000227'), '2026-06-12', 'Dinner', 'River sole — light prep');
INSERT INTO guest_dish_logs (guest_id, dish_id, dish_name, date, meal, notes) VALUES ('00004001-0000-4000-8000-000000000009', '00000101-0000-4000-8000-000000000002', (SELECT name FROM dishes WHERE id = '00000101-0000-4000-8000-000000000002'), '2025-02-15', 'Breakfast', 'Anniversary breakfast — same dish requested again 2026');
INSERT INTO guest_dish_logs (guest_id, dish_id, dish_name, date, meal, notes) VALUES ('00004001-0000-4000-8000-000000000012', '00000101-0000-4000-8000-000000000023', (SELECT name FROM dishes WHERE id = '00000101-0000-4000-8000-000000000023'), '2025-11-13', 'Dinner', 'Godwar thali — repeat on every visit');
INSERT INTO guest_dish_logs (guest_id, dish_id, dish_name, date, meal, notes) VALUES ('00004001-0000-4000-8000-000000000025', '00000201-0000-4000-8000-000000000110', (SELECT name FROM dishes WHERE id = '00000201-0000-4000-8000-000000000110'), '2025-09-15', 'Breakfast', 'Governor General — must have on return');
INSERT INTO guest_dish_logs (guest_id, dish_id, dish_name, date, meal, notes) VALUES ('00004001-0000-4000-8000-000000000035', '00000301-0000-4000-8000-000000000228', (SELECT name FROM dishes WHERE id = '00000301-0000-4000-8000-000000000228'), '2026-03-08', 'Dinner', 'Wood oven chicken — ordered again this stay');
INSERT INTO guest_dish_logs (guest_id, dish_id, dish_name, date, meal, notes) VALUES ('00004001-0000-4000-8000-000000000023', '00000201-0000-4000-8000-000000000120', (SELECT name FROM dishes WHERE id = '00000201-0000-4000-8000-000000000120'), '2026-06-09', 'Lunch', 'Camp curry — nut-free confirmed');

-- Feedback / complaints

INSERT INTO complaints (id, camp_id, dish_id, date, type, severity, description, reporter) VALUES ('00004301-0000-4000-8000-000000000001', 'jawai', '00000101-0000-4000-8000-000000000016', '2026-06-11', 'complaint', 'low', 'Brownie portion felt small for a sharing dessert — guest expected larger slice.', 'James Hartley · Tent 3');
INSERT INTO complaints (id, camp_id, dish_id, date, type, severity, description, reporter) VALUES ('00004301-0000-4000-8000-000000000002', 'jawai', NULL, '2026-06-12', 'compliment', 'low', 'Godwar thali for Dr. Mehta was outstanding — requested recipe card.', 'Dr. Rajeev Mehta · Tent 7');
INSERT INTO complaints (id, camp_id, dish_id, date, type, severity, description, reporter) VALUES ('00004301-0000-4000-8000-000000000003', 'sherbagh', '00000201-0000-4000-8000-000000000120', '2026-06-10', 'complaint', 'medium', 'Camp curry salt level high for guest — remade successfully.', 'Thomas Berg · Tent 4');
INSERT INTO complaints (id, camp_id, dish_id, date, type, severity, description, reporter) VALUES ('00004301-0000-4000-8000-000000000004', 'serai', '00000301-0000-4000-8000-000000000228', '2026-06-11', 'compliment', 'low', 'Wood oven chicken — best meal of the trip per guest feedback form.', 'Catherine Moore · Tent 1');
INSERT INTO complaints (id, camp_id, dish_id, date, type, severity, description, reporter) VALUES ('00004301-0000-4000-8000-000000000005', 'jawai', '00000101-0000-4000-8000-000000000006', '2025-11-13', 'compliment', 'low', 'Laal maas on final night — guest wrote thank-you note to kitchen.', 'Dr. Rajeev Mehta · Tent 4 (prior stay)');
INSERT INTO complaints (id, camp_id, dish_id, date, type, severity, description, reporter) VALUES ('00004301-0000-4000-8000-000000000006', 'sherbagh', '00000201-0000-4000-8000-000000000125', '2025-09-17', 'compliment', 'low', 'Classic mille feuille — requested again on return visit.', 'Eleanor Ashworth · Tent 3 (prior stay)');
INSERT INTO complaints (id, camp_id, dish_id, date, type, severity, description, reporter) VALUES ('00004301-0000-4000-8000-000000000007', 'jawai', '00000101-0000-4000-8000-000000000002', '2025-02-16', 'compliment', 'low', 'Ranger''s Breakfast on anniversary morning — perfect.', 'James Hartley · Tent 8 (prior stay)');

-- Sample purchases (Food Cost tab)

INSERT INTO purchases (camp_id, ingredient_id, qty, price, date) VALUES ('jawai', '00001001-0000-4000-8000-000000000001', 12, 220, '2026-06-10');
INSERT INTO purchases (camp_id, ingredient_id, qty, price, date) VALUES ('jawai', '00001001-0000-4000-8000-000000000006', 8, 110, '2026-06-11');
INSERT INTO purchases (camp_id, ingredient_id, qty, price, date) VALUES ('jawai', '00001001-0000-4000-8000-000000000019', 6, 80, '2026-06-12');
INSERT INTO purchases (camp_id, ingredient_id, qty, price, date) VALUES ('sherbagh', '00001001-0000-4000-8000-000000000002', 5, 650, '2026-06-09');
INSERT INTO purchases (camp_id, ingredient_id, qty, price, date) VALUES ('serai', '00001001-0000-4000-8000-000000000003', 4, 380, '2026-06-08');
